{"related-to": {"precision": 0.0, "recall": 0.0, "f1-score": 0.0, "support": 76}, "artifact": {"precision": 0.0, "recall": 0.0, "f1-score": 0.0, "support": 2}, "cause-effect": {"precision": 0.0, "recall": 0.0, "f1-score": 0.0, "support": 0}, "compare": {"precision": 0.0, "recall": 0.0, "f1-score": 0.0, "support": 6}, "general-affiliation": {"precision": 0.14432989690721648, "recall": 0.45161290322580644, "f1-score": 0.21875, "support": 31}, "named": {"precision": 0.759493670886076, "recall": 0.46153846153846156, "f1-score": 0.5741626794258373, "support": 130}, "opposite": {"precision": 0.3333333333333333, "recall": 0.09433962264150944, "f1-score": 0.14705882352941177, "support": 53}, "origin": {"precision": 1.0, "recall": 0.01818181818181818, "f1-score": 0.03571428571428572, "support": 55}, "part-of": {"precision": 0.20689655172413793, "recall": 0.05128205128205128, "f1-score": 0.0821917808219178, "support": 117}, "physical": {"precision": 0.7329192546583851, "recall": 0.5770171149144254, "f1-score": 0.6456908344733242, "support": 409}, "role": {"precision": 0.5761523046092184, "recall": 0.688622754491018, "f1-score": 0.6273867975995635, "support": 835}, "social": {"precision": 0.0, "recall": 0.0, "f1-score": 0.0, "support": 21}, "temporal": {"precision": 0.8344827586206897, "recall": 0.7882736156351792, "f1-score": 0.8107202680067002, "support": 307}, "topic": {"precision": 0.0, "recall": 0.0, "f1-score": 0.0, "support": 13}, "type-of": {"precision": 0.0, "recall": 0.0, "f1-score": 0.0, "support": 28}, "usage": {"precision": 0.0, "recall": 0.0, "f1-score": 0.0, "support": 0}, "win-defeat": {"precision": 0.0, "recall": 0.0, "f1-score": 0.0, "support": 41}, "micro avg": {"precision": 0.6220644456581104, "recall": 0.5362523540489642, "f1-score": 0.5759797724399496, "support": 2124}, "macro avg": {"precision": 0.2698592806317092, "recall": 0.18416872599472173, "f1-score": 0.1848044393865318, "support": 2124}, "weighted avg": {"precision": 0.5824478924850437, "recall": 0.5362523540489642, "f1-score": 0.5356138840000706, "support": 2124}, "samples avg": {"precision": 0.6220644456581104, "recall": 0.5442381212452212, "f1-score": 0.570180229382851, "support": 2124}}