{"related-to": {"precision": 0.0, "recall": 0.0, "f1-score": 0.0, "support": 76}, "artifact": {"precision": 0.0, "recall": 0.0, "f1-score": 0.0, "support": 2}, "cause-effect": {"precision": 0.0, "recall": 0.0, "f1-score": 0.0, "support": 0}, "compare": {"precision": 0.0, "recall": 0.0, "f1-score": 0.0, "support": 6}, "general-affiliation": {"precision": 0.20754716981132076, "recall": 0.7096774193548387, "f1-score": 0.32116788321167883, "support": 31}, "named": {"precision": 0.5686274509803921, "recall": 0.4461538461538462, "f1-score": 0.5, "support": 130}, "opposite": {"precision": 0.0, "recall": 0.0, "f1-score": 0.0, "support": 53}, "origin": {"precision": 0.0, "recall": 0.0, "f1-score": 0.0, "support": 55}, "part-of": {"precision": 0.0, "recall": 0.0, "f1-score": 0.0, "support": 117}, "physical": {"precision": 0.5881435257410297, "recall": 0.921760391198044, "f1-score": 0.7180952380952381, "support": 409}, "role": {"precision": 0.621903520208605, "recall": 0.5712574850299401, "f1-score": 0.5955056179775281, "support": 835}, "social": {"precision": 0.0, "recall": 0.0, "f1-score": 0.0, "support": 21}, "temporal": {"precision": 0.9043062200956937, "recall": 0.6156351791530945, "f1-score": 0.7325581395348837, "support": 307}, "topic": {"precision": 0.0, "recall": 0.0, "f1-score": 0.0, "support": 13}, "type-of": {"precision": 0.0, "recall": 0.0, "f1-score": 0.0, "support": 28}, "usage": {"precision": 0.0, "recall": 0.0, "f1-score": 0.0, "support": 0}, "win-defeat": {"precision": 0.0, "recall": 0.0, "f1-score": 0.0, "support": 41}, "micro avg": {"precision": 0.6133260513380666, "recall": 0.5287193973634652, "f1-score": 0.5678887484197218, "support": 2124}, "macro avg": {"precision": 0.17003105216688477, "recall": 0.19202848946410372, "f1-score": 0.16866628698937228, "support": 2124}, "weighted avg": {"precision": 0.5262795112350499, "recall": 0.5287193973634652, "f1-score": 0.5135591791944254, "support": 2124}, "samples avg": {"precision": 0.6133260513380666, "recall": 0.5387766247951938, "f1-score": 0.5636264336428182, "support": 2124}}