{"related-to": {"precision": 0.34765625, "recall": 0.7063492063492064, "f1-score": 0.4659685863874345, "support": 126}, "artifact": {"precision": 0.05405405405405406, "recall": 0.06060606060606061, "f1-score": 0.05714285714285714, "support": 33}, "cause-effect": {"precision": 0.0, "recall": 0.0, "f1-score": 0.0, "support": 76}, "compare": {"precision": 0.4583333333333333, "recall": 0.5641025641025641, "f1-score": 0.5057471264367815, "support": 39}, "general-affiliation": {"precision": 0.27586206896551724, "recall": 0.1095890410958904, "f1-score": 0.1568627450980392, "support": 73}, "named": {"precision": 0.48717948717948717, "recall": 0.5277777777777778, "f1-score": 0.5066666666666667, "support": 108}, "opposite": {"precision": 0.0, "recall": 0.0, "f1-score": 0.0, "support": 5}, "origin": {"precision": 0.24096385542168675, "recall": 0.2127659574468085, "f1-score": 0.22598870056497175, "support": 94}, "part-of": {"precision": 0.15311004784688995, "recall": 0.35555555555555557, "f1-score": 0.2140468227424749, "support": 90}, "physical": {"precision": 0.6628352490421456, "recall": 0.7723214285714286, "f1-score": 0.7134020618556701, "support": 224}, "role": {"precision": 0.3870967741935484, "recall": 0.4195804195804196, "f1-score": 0.40268456375838924, "support": 286}, "social": {"precision": 0.0, "recall": 0.0, "f1-score": 0.0, "support": 14}, "temporal": {"precision": 0.0, "recall": 0.0, "f1-score": 0.0, "support": 26}, "topic": {"precision": 0.0, "recall": 0.0, "f1-score": 0.0, "support": 66}, "type-of": {"precision": 0.6, "recall": 0.02564102564102564, "f1-score": 0.04918032786885246, "support": 117}, "usage": {"precision": 0.0, "recall": 0.0, "f1-score": 0.0, "support": 24}, "win-defeat": {"precision": 0.8857142857142857, "recall": 0.7045454545454546, "f1-score": 0.7848101265822784, "support": 44}, "micro avg": {"precision": 0.40014367816091956, "recall": 0.3854671280276817, "f1-score": 0.39266831159675714, "support": 1445}, "macro avg": {"precision": 0.26781208269123224, "recall": 0.2622843818395407, "f1-score": 0.24014709324143624, "support": 1445}, "weighted avg": {"precision": 0.37439688264756665, "recall": 0.3854671280276817, "f1-score": 0.34758174215536186, "support": 1445}, "samples avg": {"precision": 0.40014367816091956, "recall": 0.38254310344827586, "f1-score": 0.3884099616858238, "support": 1445}}