{"related-to": {"precision": 0.12, "recall": 0.1111111111111111, "f1-score": 0.11538461538461538, "support": 108}, "artifact": {"precision": 0.48717948717948717, "recall": 0.4634146341463415, "f1-score": 0.47500000000000003, "support": 41}, "cause-effect": {"precision": 0.0, "recall": 0.0, "f1-score": 0.0, "support": 5}, "compare": {"precision": 0.0, "recall": 0.0, "f1-score": 0.0, "support": 24}, "general-affiliation": {"precision": 0.0, "recall": 0.0, "f1-score": 0.0, "support": 75}, "named": {"precision": 0.7678571428571429, "recall": 0.6187050359712231, "f1-score": 0.6852589641434264, "support": 139}, "opposite": {"precision": 0.0, "recall": 0.0, "f1-score": 0.0, "support": 11}, "origin": {"precision": 0.4084507042253521, "recall": 0.3258426966292135, "f1-score": 0.3625, "support": 89}, "part-of": {"precision": 0.3216374269005848, "recall": 0.7710280373831776, "f1-score": 0.45392022008253097, "support": 214}, "physical": {"precision": 0.8023255813953488, "recall": 0.6764705882352942, "f1-score": 0.7340425531914895, "support": 102}, "role": {"precision": 0.616822429906542, "recall": 0.6055045871559633, "f1-score": 0.611111111111111, "support": 109}, "social": {"precision": 0.0, "recall": 0.0, "f1-score": 0.0, "support": 1}, "temporal": {"precision": 0.8571428571428571, "recall": 0.2857142857142857, "f1-score": 0.42857142857142855, "support": 21}, "topic": {"precision": 0.8, "recall": 0.0975609756097561, "f1-score": 0.1739130434782609, "support": 41}, "type-of": {"precision": 0.21212121212121213, "recall": 0.25925925925925924, "f1-score": 0.23333333333333334, "support": 54}, "usage": {"precision": 0.17647058823529413, "recall": 0.02459016393442623, "f1-score": 0.043165467625899276, "support": 122}, "win-defeat": {"precision": 1.0, "recall": 0.2857142857142857, "f1-score": 0.4444444444444445, "support": 7}, "micro avg": {"precision": 0.42147293700088734, "recall": 0.40842648323301806, "f1-score": 0.41484716157205237, "support": 1163}, "macro avg": {"precision": 0.3864710252919895, "recall": 0.26617150946260804, "f1-score": 0.28003795184509056, "support": 1163}, "weighted avg": {"precision": 0.41677027966094005, "recall": 0.40842648323301806, "f1-score": 0.37418757184510654, "support": 1163}, "samples avg": {"precision": 0.42147293700088734, "recall": 0.41333924874297545, "f1-score": 0.4160011830819284, "support": 1163}}