{"related-to": {"precision": 0.0, "recall": 0.0, "f1-score": 0.0, "support": 6}, "artifact": {"precision": 0.0, "recall": 0.0, "f1-score": 0.0, "support": 0}, "cause-effect": {"precision": 0.0, "recall": 0.0, "f1-score": 0.0, "support": 0}, "compare": {"precision": 0.0, "recall": 0.0, "f1-score": 0.0, "support": 0}, "general-affiliation": {"precision": 0.0, "recall": 0.0, "f1-score": 0.0, "support": 10}, "named": {"precision": 0.0, "recall": 0.0, "f1-score": 0.0, "support": 4}, "opposite": {"precision": 0.0, "recall": 0.0, "f1-score": 0.0, "support": 39}, "origin": {"precision": 0.0, "recall": 0.0, "f1-score": 0.0, "support": 0}, "part-of": {"precision": 0.0, "recall": 0.0, "f1-score": 0.0, "support": 28}, "physical": {"precision": 0.7142857142857143, "recall": 0.03875968992248062, "f1-score": 0.07352941176470588, "support": 129}, "role": {"precision": 0.37017994858611825, "recall": 1.0, "f1-score": 0.5403377110694183, "support": 144}, "social": {"precision": 0.0, "recall": 0.0, "f1-score": 0.0, "support": 0}, "temporal": {"precision": 0.0, "recall": 0.0, "f1-score": 0.0, "support": 1}, "topic": {"precision": 0.0, "recall": 0.0, "f1-score": 0.0, "support": 0}, "type-of": {"precision": 0.0, "recall": 0.0, "f1-score": 0.0, "support": 0}, "usage": {"precision": 0.0, "recall": 0.0, "f1-score": 0.0, "support": 0}, "win-defeat": {"precision": 0.0, "recall": 0.0, "f1-score": 0.0, "support": 35}, "micro avg": {"precision": 0.37626262626262624, "recall": 0.37626262626262624, "f1-score": 0.37626262626262624, "support": 396}, "macro avg": {"precision": 0.06379209781599016, "recall": 0.06110351117191063, "f1-score": 0.03610983075494848, "support": 396}, "weighted avg": {"precision": 0.3672948730789348, "recall": 0.37626262626262624, "f1-score": 0.22043920331223055, "support": 396}, "samples avg": {"precision": 0.37626262626262624, "recall": 0.37626262626262624, "f1-score": 0.37626262626262624, "support": 396}}