{"related-to": {"precision": 0.33476394849785407, "recall": 0.6190476190476191, "f1-score": 0.43454038997214484, "support": 126}, "artifact": {"precision": 0.09090909090909091, "recall": 0.06060606060606061, "f1-score": 0.07272727272727272, "support": 33}, "cause-effect": {"precision": 0.0, "recall": 0.0, "f1-score": 0.0, "support": 76}, "compare": {"precision": 0.46153846153846156, "recall": 0.46153846153846156, "f1-score": 0.46153846153846156, "support": 39}, "general-affiliation": {"precision": 0.5, "recall": 0.1917808219178082, "f1-score": 0.2772277227722772, "support": 73}, "named": {"precision": 0.475177304964539, "recall": 0.6203703703703703, "f1-score": 0.5381526104417671, "support": 108}, "opposite": {"precision": 0.0, "recall": 0.0, "f1-score": 0.0, "support": 5}, "origin": {"precision": 0.3333333333333333, "recall": 0.2553191489361702, "f1-score": 0.2891566265060241, "support": 94}, "part-of": {"precision": 0.14218009478672985, "recall": 0.3333333333333333, "f1-score": 0.19933554817275748, "support": 90}, "physical": {"precision": 0.72265625, "recall": 0.8258928571428571, "f1-score": 0.7708333333333333, "support": 224}, "role": {"precision": 0.37110481586402266, "recall": 0.458041958041958, "f1-score": 0.41001564945226915, "support": 286}, "social": {"precision": 0.0, "recall": 0.0, "f1-score": 0.0, "support": 14}, "temporal": {"precision": 0.0, "recall": 0.0, "f1-score": 0.0, "support": 26}, "topic": {"precision": 0.0, "recall": 0.0, "f1-score": 0.0, "support": 66}, "type-of": {"precision": 0.8888888888888888, "recall": 0.06837606837606838, "f1-score": 0.126984126984127, "support": 117}, "usage": {"precision": 0.0, "recall": 0.0, "f1-score": 0.0, "support": 24}, "win-defeat": {"precision": 0.9259259259259259, "recall": 0.5681818181818182, "f1-score": 0.7042253521126761, "support": 44}, "micro avg": {"precision": 0.41810344827586204, "recall": 0.4027681660899654, "f1-score": 0.410292562566091, "support": 1445}, "macro avg": {"precision": 0.3086163596887556, "recall": 0.2624993245583838, "f1-score": 0.25204335847135945, "support": 1445}, "weighted avg": {"precision": 0.4206786618608236, "recall": 0.4027681660899654, "f1-score": 0.3698306697673412, "support": 1445}, "samples avg": {"precision": 0.41810344827586204, "recall": 0.40014367816091956, "f1-score": 0.40613026819923376, "support": 1445}}