{"related-to": {"precision": 0.05555555555555555, "recall": 0.16666666666666666, "f1-score": 0.08333333333333333, "support": 6}, "artifact": {"precision": 0.0, "recall": 0.0, "f1-score": 0.0, "support": 0}, "cause-effect": {"precision": 0.0, "recall": 0.0, "f1-score": 0.0, "support": 0}, "compare": {"precision": 0.0, "recall": 0.0, "f1-score": 0.0, "support": 0}, "general-affiliation": {"precision": 0.0, "recall": 0.0, "f1-score": 0.0, "support": 10}, "named": {"precision": 0.23076923076923078, "recall": 0.75, "f1-score": 0.3529411764705882, "support": 4}, "opposite": {"precision": 0.2, "recall": 0.10256410256410256, "f1-score": 0.13559322033898302, "support": 39}, "origin": {"precision": 0.0, "recall": 0.0, "f1-score": 0.0, "support": 0}, "part-of": {"precision": 0.0, "recall": 0.0, "f1-score": 0.0, "support": 28}, "physical": {"precision": 0.5733333333333334, "recall": 0.3333333333333333, "f1-score": 0.4215686274509804, "support": 129}, "role": {"precision": 0.4666666666666667, "recall": 0.875, "f1-score": 0.608695652173913, "support": 144}, "social": {"precision": 0.0, "recall": 0.0, "f1-score": 0.0, "support": 0}, "temporal": {"precision": 0.0, "recall": 0.0, "f1-score": 0.0, "support": 1}, "topic": {"precision": 0.0, "recall": 0.0, "f1-score": 0.0, "support": 0}, "type-of": {"precision": 0.0, "recall": 0.0, "f1-score": 0.0, "support": 0}, "usage": {"precision": 0.0, "recall": 0.0, "f1-score": 0.0, "support": 0}, "win-defeat": {"precision": 0.0, "recall": 0.0, "f1-score": 0.0, "support": 35}, "micro avg": {"precision": 0.44696969696969696, "recall": 0.44696969696969696, "f1-score": 0.44696969696969696, "support": 396}, "macro avg": {"precision": 0.08978381096028155, "recall": 0.13103318250377075, "f1-score": 0.09424305939810576, "support": 396}, "weighted avg": {"precision": 0.3793343693343693, "recall": 0.44696969696969696, "f1-score": 0.376854614023542, "support": 396}, "samples avg": {"precision": 0.44696969696969696, "recall": 0.44696969696969696, "f1-score": 0.44696969696969696, "support": 396}}