{"related-to": {"precision": 0.625, "recall": 0.19230769230769232, "f1-score": 0.29411764705882354, "support": 26}, "artifact": {"precision": 0.7927631578947368, "recall": 0.9305019305019305, "f1-score": 0.8561278863232682, "support": 259}, "cause-effect": {"precision": 0.0, "recall": 0.0, "f1-score": 0.0, "support": 4}, "compare": {"precision": 0.0, "recall": 0.0, "f1-score": 0.0, "support": 5}, "general-affiliation": {"precision": 0.8402515723270441, "recall": 0.925207756232687, "f1-score": 0.8806855636123929, "support": 722}, "named": {"precision": 0.5, "recall": 0.012048192771084338, "f1-score": 0.023529411764705882, "support": 83}, "opposite": {"precision": 0.0, "recall": 0.0, "f1-score": 0.0, "support": 6}, "origin": {"precision": 0.13793103448275862, "recall": 0.21052631578947367, "f1-score": 0.16666666666666666, "support": 19}, "part-of": {"precision": 0.4064516129032258, "recall": 0.35795454545454547, "f1-score": 0.3806646525679758, "support": 176}, "physical": {"precision": 0.8722943722943723, "recall": 0.9664268585131894, "f1-score": 0.9169510807736063, "support": 417}, "role": {"precision": 0.7335329341317365, "recall": 0.6464379947229552, "f1-score": 0.6872370266479664, "support": 379}, "social": {"precision": 0.0, "recall": 0.0, "f1-score": 0.0, "support": 22}, "temporal": {"precision": 0.2727272727272727, "recall": 0.5, "f1-score": 0.3529411764705882, "support": 24}, "topic": {"precision": 0.0, "recall": 0.0, "f1-score": 0.0, "support": 8}, "type-of": {"precision": 0.9431818181818182, "recall": 0.6974789915966386, "f1-score": 0.8019323671497585, "support": 119}, "usage": {"precision": 1.0, "recall": 0.5384615384615384, "f1-score": 0.7000000000000001, "support": 52}, "win-defeat": {"precision": 0.7349397590361446, "recall": 0.6559139784946236, "f1-score": 0.6931818181818181, "support": 93}, "micro avg": {"precision": 0.7778730703259005, "recall": 0.7514498757249378, "f1-score": 0.7644332069110831, "support": 2414}, "macro avg": {"precision": 0.46229844317524177, "recall": 0.3901921055791976, "f1-score": 0.39729619395397475, "support": 2414}, "weighted avg": {"precision": 0.755916607466088, "recall": 0.7514498757249378, "f1-score": 0.7394174100263886, "support": 2414}, "samples avg": {"precision": 0.7778730703259005, "recall": 0.7630789022298456, "f1-score": 0.7679388221841053, "support": 2414}}