{"related-to": {"precision": 0.0, "recall": 0.0, "f1-score": 0.0, "support": 6}, "artifact": {"precision": 0.0, "recall": 0.0, "f1-score": 0.0, "support": 0}, "cause-effect": {"precision": 0.0, "recall": 0.0, "f1-score": 0.0, "support": 0}, "compare": {"precision": 0.0, "recall": 0.0, "f1-score": 0.0, "support": 0}, "general-affiliation": {"precision": 0.0, "recall": 0.0, "f1-score": 0.0, "support": 10}, "named": {"precision": 0.03508771929824561, "recall": 0.5, "f1-score": 0.06557377049180328, "support": 4}, "opposite": {"precision": 0.06779661016949153, "recall": 0.10256410256410256, "f1-score": 0.08163265306122448, "support": 39}, "origin": {"precision": 0.0, "recall": 0.0, "f1-score": 0.0, "support": 0}, "part-of": {"precision": 0.0, "recall": 0.0, "f1-score": 0.0, "support": 28}, "physical": {"precision": 0.29850746268656714, "recall": 0.15503875968992248, "f1-score": 0.20408163265306123, "support": 129}, "role": {"precision": 0.4481132075471698, "recall": 0.6597222222222222, "f1-score": 0.5337078651685393, "support": 144}, "social": {"precision": 0.0, "recall": 0.0, "f1-score": 0.0, "support": 0}, "temporal": {"precision": 0.0, "recall": 0.0, "f1-score": 0.0, "support": 1}, "topic": {"precision": 0.0, "recall": 0.0, "f1-score": 0.0, "support": 0}, "type-of": {"precision": 0.0, "recall": 0.0, "f1-score": 0.0, "support": 0}, "usage": {"precision": 0.0, "recall": 0.0, "f1-score": 0.0, "support": 0}, "win-defeat": {"precision": 0.0, "recall": 0.0, "f1-score": 0.0, "support": 35}, "micro avg": {"precision": 0.3055555555555556, "recall": 0.3055555555555556, "f1-score": 0.3055555555555556, "support": 396}, "macro avg": {"precision": 0.049970882335380835, "recall": 0.08337206379272043, "f1-score": 0.052058583610272255, "support": 396}, "weighted avg": {"precision": 0.2672226849675827, "recall": 0.3055555555555556, "f1-score": 0.2692586660299735, "support": 396}, "samples avg": {"precision": 0.3055555555555556, "recall": 0.3055555555555556, "f1-score": 0.3055555555555556, "support": 396}}