{"related-to": {"precision": 0.20113314447592068, "recall": 0.17149758454106281, "f1-score": 0.1851368970013038, "support": 414}, "artifact": {"precision": 0.5540355677154583, "recall": 0.6377952755905512, "f1-score": 0.5929721815519765, "support": 635}, "cause-effect": {"precision": 0.0, "recall": 0.0, "f1-score": 0.0, "support": 86}, "compare": {"precision": 0.0, "recall": 0.0, "f1-score": 0.0, "support": 82}, "general-affiliation": {"precision": 0.7053490480507706, "recall": 0.6279257465698144, "f1-score": 0.6643894107600341, "support": 1239}, "named": {"precision": 0.2986111111111111, "recall": 0.30824372759856633, "f1-score": 0.30335097001763667, "support": 558}, "opposite": {"precision": 0.1702127659574468, "recall": 0.0625, "f1-score": 0.09142857142857143, "support": 128}, "origin": {"precision": 0.037037037037037035, "recall": 0.003289473684210526, "f1-score": 0.006042296072507554, "support": 304}, "part-of": {"precision": 0.19328956965718452, "recall": 0.36754507628294036, "f1-score": 0.2533460803059273, "support": 721}, "physical": {"precision": 0.6918798665183538, "recall": 0.8549828178694158, "f1-score": 0.7648324623424531, "support": 1455}, "role": {"precision": 0.46157813305827744, "recall": 0.4461615154536391, "f1-score": 0.4537389100126743, "support": 2006}, "social": {"precision": 0.0, "recall": 0.0, "f1-score": 0.0, "support": 105}, "temporal": {"precision": 0.68, "recall": 0.6666666666666666, "f1-score": 0.6732673267326733, "support": 408}, "topic": {"precision": 0.0, "recall": 0.0, "f1-score": 0.0, "support": 170}, "type-of": {"precision": 0.7, "recall": 0.020833333333333332, "f1-score": 0.040462427745664734, "support": 336}, "usage": {"precision": 0.0, "recall": 0.0, "f1-score": 0.0, "support": 200}, "win-defeat": {"precision": 0.3954983922829582, "recall": 0.38801261829652994, "f1-score": 0.39171974522292996, "support": 317}, "micro avg": {"precision": 0.4892708814028611, "recall": 0.4627891750327368, "f1-score": 0.4756617317182593, "support": 9164}, "macro avg": {"precision": 0.29933086093320693, "recall": 0.26796787269921946, "f1-score": 0.26004042818790307, "support": 9164}, "weighted avg": {"precision": 0.46035207135799877, "recall": 0.4627891750327368, "f1-score": 0.4449290333210255, "support": 9164}, "samples avg": {"precision": 0.4892708814028611, "recall": 0.46519766189816947, "f1-score": 0.47319643131825867, "support": 9164}}