{"related-to": {"precision": 0.31716417910447764, "recall": 0.6746031746031746, "f1-score": 0.43147208121827413, "support": 126}, "artifact": {"precision": 0.20512820512820512, "recall": 0.24242424242424243, "f1-score": 0.2222222222222222, "support": 33}, "cause-effect": {"precision": 0.0, "recall": 0.0, "f1-score": 0.0, "support": 76}, "compare": {"precision": 0.3548387096774194, "recall": 0.28205128205128205, "f1-score": 0.3142857142857143, "support": 39}, "general-affiliation": {"precision": 0.3333333333333333, "recall": 0.2191780821917808, "f1-score": 0.2644628099173554, "support": 73}, "named": {"precision": 0.47183098591549294, "recall": 0.6203703703703703, "f1-score": 0.536, "support": 108}, "opposite": {"precision": 0.0, "recall": 0.0, "f1-score": 0.0, "support": 5}, "origin": {"precision": 0.21428571428571427, "recall": 0.19148936170212766, "f1-score": 0.20224719101123598, "support": 94}, "part-of": {"precision": 0.27884615384615385, "recall": 0.32222222222222224, "f1-score": 0.29896907216494845, "support": 90}, "physical": {"precision": 0.6428571428571429, "recall": 0.84375, "f1-score": 0.7297297297297298, "support": 224}, "role": {"precision": 0.358600583090379, "recall": 0.43006993006993005, "f1-score": 0.3910969793322734, "support": 286}, "social": {"precision": 0.0, "recall": 0.0, "f1-score": 0.0, "support": 14}, "temporal": {"precision": 0.0, "recall": 0.0, "f1-score": 0.0, "support": 26}, "topic": {"precision": 0.0, "recall": 0.0, "f1-score": 0.0, "support": 66}, "type-of": {"precision": 0.7142857142857143, "recall": 0.042735042735042736, "f1-score": 0.08064516129032259, "support": 117}, "usage": {"precision": 0.0, "recall": 0.0, "f1-score": 0.0, "support": 24}, "win-defeat": {"precision": 0.78125, "recall": 0.5681818181818182, "f1-score": 0.6578947368421052, "support": 44}, "micro avg": {"precision": 0.41379310344827586, "recall": 0.3986159169550173, "f1-score": 0.4060627423334508, "support": 1445}, "macro avg": {"precision": 0.2748482777367078, "recall": 0.2610044427383524, "f1-score": 0.24288386458906946, "support": 1445}, "weighted avg": {"precision": 0.37758263885834525, "recall": 0.3986159169550173, "f1-score": 0.35347006494003963, "support": 1445}, "samples avg": {"precision": 0.41379310344827586, "recall": 0.3958333333333333, "f1-score": 0.4018199233716475, "support": 1445}}