{"related-to": {"precision": 0.0, "recall": 0.0, "f1-score": 0.0, "support": 76}, "artifact": {"precision": 0.0, "recall": 0.0, "f1-score": 0.0, "support": 2}, "cause-effect": {"precision": 0.0, "recall": 0.0, "f1-score": 0.0, "support": 0}, "compare": {"precision": 0.0, "recall": 0.0, "f1-score": 0.0, "support": 6}, "general-affiliation": {"precision": 0.18181818181818182, "recall": 0.5806451612903226, "f1-score": 0.27692307692307694, "support": 31}, "named": {"precision": 0.7450980392156863, "recall": 0.5846153846153846, "f1-score": 0.6551724137931034, "support": 130}, "opposite": {"precision": 0.125, "recall": 0.03773584905660377, "f1-score": 0.057971014492753624, "support": 53}, "origin": {"precision": 0.0, "recall": 0.0, "f1-score": 0.0, "support": 55}, "part-of": {"precision": 0.3, "recall": 0.02564102564102564, "f1-score": 0.047244094488188976, "support": 117}, "physical": {"precision": 0.676595744680851, "recall": 0.7775061124694377, "f1-score": 0.7235494880546076, "support": 409}, "role": {"precision": 0.6096698113207547, "recall": 0.6191616766467066, "f1-score": 0.6143790849673203, "support": 835}, "social": {"precision": 0.0, "recall": 0.0, "f1-score": 0.0, "support": 21}, "temporal": {"precision": 0.8666666666666667, "recall": 0.8045602605863192, "f1-score": 0.8344594594594595, "support": 307}, "topic": {"precision": 0.0, "recall": 0.0, "f1-score": 0.0, "support": 13}, "type-of": {"precision": 0.0, "recall": 0.0, "f1-score": 0.0, "support": 28}, "usage": {"precision": 0.0, "recall": 0.0, "f1-score": 0.0, "support": 0}, "win-defeat": {"precision": 0.0, "recall": 0.0, "f1-score": 0.0, "support": 41}, "micro avg": {"precision": 0.645002730748225, "recall": 0.5560263653483992, "f1-score": 0.5972187104930468, "support": 2124}, "macro avg": {"precision": 0.20616755551189064, "recall": 0.20175679237092942, "f1-score": 0.18880580189285356, "support": 2124}, "weighted avg": {"precision": 0.5631321692223954, "recall": 0.5560263653483992, "f1-score": 0.5496583722302514, "support": 2124}, "samples avg": {"precision": 0.645002730748225, "recall": 0.56799563080284, "f1-score": 0.5936646641179684, "support": 2124}}