{"related-to": {"precision": 0.266025641025641, "recall": 0.6587301587301587, "f1-score": 0.3789954337899543, "support": 126}, "artifact": {"precision": 0.6, "recall": 0.09090909090909091, "f1-score": 0.15789473684210525, "support": 33}, "cause-effect": {"precision": 0.0, "recall": 0.0, "f1-score": 0.0, "support": 76}, "compare": {"precision": 0.7333333333333333, "recall": 0.28205128205128205, "f1-score": 0.4074074074074074, "support": 39}, "general-affiliation": {"precision": 0.5185185185185185, "recall": 0.1917808219178082, "f1-score": 0.28, "support": 73}, "named": {"precision": 0.8888888888888888, "recall": 0.2962962962962963, "f1-score": 0.4444444444444444, "support": 108}, "opposite": {"precision": 0.0, "recall": 0.0, "f1-score": 0.0, "support": 5}, "origin": {"precision": 0.25, "recall": 0.1595744680851064, "f1-score": 0.19480519480519481, "support": 94}, "part-of": {"precision": 0.15217391304347827, "recall": 0.3111111111111111, "f1-score": 0.20437956204379562, "support": 90}, "physical": {"precision": 0.6678832116788321, "recall": 0.8169642857142857, "f1-score": 0.7349397590361446, "support": 224}, "role": {"precision": 0.3463302752293578, "recall": 0.527972027972028, "f1-score": 0.4182825484764543, "support": 286}, "social": {"precision": 0.0, "recall": 0.0, "f1-score": 0.0, "support": 14}, "temporal": {"precision": 0.0, "recall": 0.0, "f1-score": 0.0, "support": 26}, "topic": {"precision": 1.0, "recall": 0.015151515151515152, "f1-score": 0.02985074626865672, "support": 66}, "type-of": {"precision": 0.0, "recall": 0.0, "f1-score": 0.0, "support": 117}, "usage": {"precision": 0.0, "recall": 0.0, "f1-score": 0.0, "support": 24}, "win-defeat": {"precision": 0.6666666666666666, "recall": 0.6363636363636364, "f1-score": 0.6511627906976744, "support": 44}, "micro avg": {"precision": 0.39439655172413796, "recall": 0.37993079584775086, "f1-score": 0.3870285512865703, "support": 1445}, "macro avg": {"precision": 0.3582247322579245, "recall": 0.23452380554719524, "f1-score": 0.22953897787128422, "support": 1445}, "weighted avg": {"precision": 0.4131185925674628, "recall": 0.37993079584775086, "f1-score": 0.3383220177789854, "support": 1445}, "samples avg": {"precision": 0.39439655172413796, "recall": 0.3757183908045977, "f1-score": 0.3819444444444444, "support": 1445}}