{"related-to": {"precision": 0.0, "recall": 0.0, "f1-score": 0.0, "support": 6}, "artifact": {"precision": 0.0, "recall": 0.0, "f1-score": 0.0, "support": 0}, "cause-effect": {"precision": 0.0, "recall": 0.0, "f1-score": 0.0, "support": 0}, "compare": {"precision": 0.0, "recall": 0.0, "f1-score": 0.0, "support": 0}, "general-affiliation": {"precision": 0.0, "recall": 0.0, "f1-score": 0.0, "support": 10}, "named": {"precision": 0.0, "recall": 0.0, "f1-score": 0.0, "support": 4}, "opposite": {"precision": 0.0, "recall": 0.0, "f1-score": 0.0, "support": 39}, "origin": {"precision": 0.0, "recall": 0.0, "f1-score": 0.0, "support": 0}, "part-of": {"precision": 0.0, "recall": 0.0, "f1-score": 0.0, "support": 28}, "physical": {"precision": 0.5263157894736842, "recall": 0.07751937984496124, "f1-score": 0.13513513513513514, "support": 129}, "role": {"precision": 0.376657824933687, "recall": 0.9861111111111112, "f1-score": 0.54510556621881, "support": 144}, "social": {"precision": 0.0, "recall": 0.0, "f1-score": 0.0, "support": 0}, "temporal": {"precision": 0.0, "recall": 0.0, "f1-score": 0.0, "support": 1}, "topic": {"precision": 0.0, "recall": 0.0, "f1-score": 0.0, "support": 0}, "type-of": {"precision": 0.0, "recall": 0.0, "f1-score": 0.0, "support": 0}, "usage": {"precision": 0.0, "recall": 0.0, "f1-score": 0.0, "support": 0}, "win-defeat": {"precision": 0.0, "recall": 0.0, "f1-score": 0.0, "support": 35}, "micro avg": {"precision": 0.3838383838383838, "recall": 0.3838383838383838, "f1-score": 0.3838383838383838, "support": 396}, "macro avg": {"precision": 0.053116094965139485, "recall": 0.06256649946800426, "f1-score": 0.04001415890317324, "support": 396}, "weighted avg": {"precision": 0.30841783745595, "recall": 0.3838383838383838, "f1-score": 0.24224149991904312, "support": 396}, "samples avg": {"precision": 0.3838383838383838, "recall": 0.3838383838383838, "f1-score": 0.3838383838383838, "support": 396}}