{"related-to": {"precision": 0.3125, "recall": 0.2777777777777778, "f1-score": 0.29411764705882354, "support": 108}, "artifact": {"precision": 0.46, "recall": 0.5609756097560976, "f1-score": 0.5054945054945056, "support": 41}, "cause-effect": {"precision": 0.0, "recall": 0.0, "f1-score": 0.0, "support": 5}, "compare": {"precision": 0.0, "recall": 0.0, "f1-score": 0.0, "support": 24}, "general-affiliation": {"precision": 0.09090909090909091, "recall": 0.013333333333333334, "f1-score": 0.023255813953488375, "support": 75}, "named": {"precision": 0.5833333333333334, "recall": 0.60431654676259, "f1-score": 0.5936395759717316, "support": 139}, "opposite": {"precision": 0.0, "recall": 0.0, "f1-score": 0.0, "support": 11}, "origin": {"precision": 0.4225352112676056, "recall": 0.33707865168539325, "f1-score": 0.37499999999999994, "support": 89}, "part-of": {"precision": 0.38403990024937656, "recall": 0.719626168224299, "f1-score": 0.5008130081300813, "support": 214}, "physical": {"precision": 0.8023255813953488, "recall": 0.6764705882352942, "f1-score": 0.7340425531914895, "support": 102}, "role": {"precision": 0.5423728813559322, "recall": 0.5871559633027523, "f1-score": 0.5638766519823789, "support": 109}, "social": {"precision": 0.0, "recall": 0.0, "f1-score": 0.0, "support": 1}, "temporal": {"precision": 0.5384615384615384, "recall": 0.3333333333333333, "f1-score": 0.41176470588235287, "support": 21}, "topic": {"precision": 1.0, "recall": 0.1951219512195122, "f1-score": 0.326530612244898, "support": 41}, "type-of": {"precision": 0.17142857142857143, "recall": 0.3333333333333333, "f1-score": 0.22641509433962265, "support": 54}, "usage": {"precision": 0.2, "recall": 0.03278688524590164, "f1-score": 0.056338028169014086, "support": 122}, "win-defeat": {"precision": 0.75, "recall": 0.42857142857142855, "f1-score": 0.5454545454545454, "support": 7}, "micro avg": {"precision": 0.4392191659272405, "recall": 0.42562338779019776, "f1-score": 0.43231441048034935, "support": 1163}, "macro avg": {"precision": 0.36811212402357635, "recall": 0.29999303357535567, "f1-score": 0.30333780834546653, "support": 1163}, "weighted avg": {"precision": 0.423450022478638, "recall": 0.42562338779019776, "f1-score": 0.39431349718002584, "support": 1163}, "samples avg": {"precision": 0.4392191659272405, "recall": 0.4297545104998521, "f1-score": 0.4328601005619639, "support": 1163}}