{"related-to": {"precision": 0.26245847176079734, "recall": 0.19082125603864733, "f1-score": 0.22097902097902097, "support": 414}, "artifact": {"precision": 0.6869772998805257, "recall": 0.905511811023622, "f1-score": 0.78125, "support": 635}, "cause-effect": {"precision": 0.0, "recall": 0.0, "f1-score": 0.0, "support": 86}, "compare": {"precision": 0.0, "recall": 0.0, "f1-score": 0.0, "support": 82}, "general-affiliation": {"precision": 0.742296918767507, "recall": 0.8555286521388217, "f1-score": 0.7949006374203225, "support": 1239}, "named": {"precision": 0.6382113821138211, "recall": 0.5627240143369175, "f1-score": 0.598095238095238, "support": 558}, "opposite": {"precision": 0.3684210526315789, "recall": 0.1640625, "f1-score": 0.227027027027027, "support": 128}, "origin": {"precision": 0.3563218390804598, "recall": 0.20394736842105263, "f1-score": 0.25941422594142255, "support": 304}, "part-of": {"precision": 0.24773413897280966, "recall": 0.4549237170596394, "f1-score": 0.3207823960880196, "support": 721}, "physical": {"precision": 0.7020725388601037, "recall": 0.9312714776632303, "f1-score": 0.8005908419497785, "support": 1455}, "role": {"precision": 0.6681818181818182, "recall": 0.43968095712861416, "f1-score": 0.5303668069753458, "support": 2006}, "social": {"precision": 0.0, "recall": 0.0, "f1-score": 0.0, "support": 105}, "temporal": {"precision": 0.8078817733990148, "recall": 0.803921568627451, "f1-score": 0.8058968058968059, "support": 408}, "topic": {"precision": 0.0, "recall": 0.0, "f1-score": 0.0, "support": 170}, "type-of": {"precision": 0.9558823529411765, "recall": 0.19345238095238096, "f1-score": 0.32178217821782173, "support": 336}, "usage": {"precision": 1.0, "recall": 0.07, "f1-score": 0.13084112149532712, "support": 200}, "win-defeat": {"precision": 0.6908517350157729, "recall": 0.6908517350157729, "f1-score": 0.6908517350157729, "support": 317}, "micro avg": {"precision": 0.6116751269035533, "recall": 0.5785683107813182, "f1-score": 0.5946612830865858, "support": 9164}, "macro avg": {"precision": 0.4780759600944344, "recall": 0.3803939669650676, "f1-score": 0.38133988441775896, "support": 9164}, "weighted avg": {"precision": 0.6096129179148261, "recall": 0.5785683107813182, "f1-score": 0.5626660859719524, "support": 9164}, "samples avg": {"precision": 0.6116751269035533, "recall": 0.5865443777880326, "f1-score": 0.5948892478080295, "support": 9164}}