{"related-to": {"precision": 0.0, "recall": 0.0, "f1-score": 0.0, "support": 6}, "artifact": {"precision": 0.0, "recall": 0.0, "f1-score": 0.0, "support": 0}, "cause-effect": {"precision": 0.0, "recall": 0.0, "f1-score": 0.0, "support": 0}, "compare": {"precision": 0.0, "recall": 0.0, "f1-score": 0.0, "support": 0}, "general-affiliation": {"precision": 0.0, "recall": 0.0, "f1-score": 0.0, "support": 10}, "named": {"precision": 0.06666666666666667, "recall": 0.75, "f1-score": 0.12244897959183675, "support": 4}, "opposite": {"precision": 0.21978021978021978, "recall": 0.5128205128205128, "f1-score": 0.30769230769230765, "support": 39}, "origin": {"precision": 0.0, "recall": 0.0, "f1-score": 0.0, "support": 0}, "part-of": {"precision": 0.0, "recall": 0.0, "f1-score": 0.0, "support": 28}, "physical": {"precision": 0.7692307692307693, "recall": 0.15503875968992248, "f1-score": 0.25806451612903225, "support": 129}, "role": {"precision": 0.42105263157894735, "recall": 0.6666666666666666, "f1-score": 0.5161290322580646, "support": 144}, "social": {"precision": 0.0, "recall": 0.0, "f1-score": 0.0, "support": 0}, "temporal": {"precision": 0.0, "recall": 0.0, "f1-score": 0.0, "support": 1}, "topic": {"precision": 0.0, "recall": 0.0, "f1-score": 0.0, "support": 0}, "type-of": {"precision": 0.0, "recall": 0.0, "f1-score": 0.0, "support": 0}, "usage": {"precision": 0.0, "recall": 0.0, "f1-score": 0.0, "support": 0}, "win-defeat": {"precision": 0.0, "recall": 0.0, "f1-score": 0.0, "support": 35}, "micro avg": {"precision": 0.351010101010101, "recall": 0.351010101010101, "f1-score": 0.351010101010101, "support": 396}, "macro avg": {"precision": 0.08686648748568251, "recall": 0.12261917289277069, "f1-score": 0.07084322562772008, "support": 396}, "weighted avg": {"precision": 0.42601122074806286, "recall": 0.351010101010101, "f1-score": 0.3032896443034692, "support": 396}, "samples avg": {"precision": 0.351010101010101, "recall": 0.351010101010101, "f1-score": 0.351010101010101, "support": 396}}