{"related-to": {"precision": 0.270516717325228, "recall": 0.7063492063492064, "f1-score": 0.3912087912087912, "support": 126}, "artifact": {"precision": 0.0, "recall": 0.0, "f1-score": 0.0, "support": 33}, "cause-effect": {"precision": 0.0, "recall": 0.0, "f1-score": 0.0, "support": 76}, "compare": {"precision": 0.0, "recall": 0.0, "f1-score": 0.0, "support": 39}, "general-affiliation": {"precision": 0.5, "recall": 0.0684931506849315, "f1-score": 0.12048192771084336, "support": 73}, "named": {"precision": 0.4537037037037037, "recall": 0.4537037037037037, "f1-score": 0.4537037037037037, "support": 108}, "opposite": {"precision": 0.0, "recall": 0.0, "f1-score": 0.0, "support": 5}, "origin": {"precision": 0.23529411764705882, "recall": 0.1276595744680851, "f1-score": 0.16551724137931031, "support": 94}, "part-of": {"precision": 0.11659192825112108, "recall": 0.28888888888888886, "f1-score": 0.1661341853035144, "support": 90}, "physical": {"precision": 0.6546762589928058, "recall": 0.8125, "f1-score": 0.7250996015936256, "support": 224}, "role": {"precision": 0.3604336043360434, "recall": 0.46503496503496505, "f1-score": 0.4061068702290076, "support": 286}, "social": {"precision": 0.0, "recall": 0.0, "f1-score": 0.0, "support": 14}, "temporal": {"precision": 0.0, "recall": 0.0, "f1-score": 0.0, "support": 26}, "topic": {"precision": 0.0, "recall": 0.0, "f1-score": 0.0, "support": 66}, "type-of": {"precision": 0.0, "recall": 0.0, "f1-score": 0.0, "support": 117}, "usage": {"precision": 0.0, "recall": 0.0, "f1-score": 0.0, "support": 24}, "win-defeat": {"precision": 0.9375, "recall": 0.3409090909090909, "f1-score": 0.5, "support": 44}, "micro avg": {"precision": 0.3670977011494253, "recall": 0.35363321799307956, "f1-score": 0.36023968981318294, "support": 1445}, "macro avg": {"precision": 0.20757154883858595, "recall": 0.19197285764934538, "f1-score": 0.172250136536988, "support": 1445}, "weighted avg": {"precision": 0.3066972455632526, "recall": 0.35363321799307956, "f1-score": 0.30322980029386787, "support": 1445}, "samples avg": {"precision": 0.3670977011494253, "recall": 0.34913793103448276, "f1-score": 0.3551245210727969, "support": 1445}}