{"related-to": {"precision": 0.5555555555555556, "recall": 0.19230769230769232, "f1-score": 0.28571428571428575, "support": 26}, "artifact": {"precision": 0.7507692307692307, "recall": 0.9420849420849421, "f1-score": 0.8356164383561644, "support": 259}, "cause-effect": {"precision": 0.0, "recall": 0.0, "f1-score": 0.0, "support": 4}, "compare": {"precision": 0.0, "recall": 0.0, "f1-score": 0.0, "support": 5}, "general-affiliation": {"precision": 0.8455598455598455, "recall": 0.909972299168975, "f1-score": 0.8765843895930621, "support": 722}, "named": {"precision": 1.0, "recall": 0.060240963855421686, "f1-score": 0.11363636363636363, "support": 83}, "opposite": {"precision": 0.0, "recall": 0.0, "f1-score": 0.0, "support": 6}, "origin": {"precision": 0.4, "recall": 0.3157894736842105, "f1-score": 0.35294117647058826, "support": 19}, "part-of": {"precision": 0.4161849710982659, "recall": 0.4090909090909091, "f1-score": 0.4126074498567335, "support": 176}, "physical": {"precision": 0.8565310492505354, "recall": 0.9592326139088729, "f1-score": 0.9049773755656109, "support": 417}, "role": {"precision": 0.6770538243626062, "recall": 0.6306068601583114, "f1-score": 0.6530054644808744, "support": 379}, "social": {"precision": 0.0, "recall": 0.0, "f1-score": 0.0, "support": 22}, "temporal": {"precision": 0.3448275862068966, "recall": 0.4166666666666667, "f1-score": 0.37735849056603776, "support": 24}, "topic": {"precision": 0.0, "recall": 0.0, "f1-score": 0.0, "support": 8}, "type-of": {"precision": 0.9550561797752809, "recall": 0.7142857142857143, "f1-score": 0.8173076923076923, "support": 119}, "usage": {"precision": 1.0, "recall": 0.40384615384615385, "f1-score": 0.5753424657534247, "support": 52}, "win-defeat": {"precision": 0.782608695652174, "recall": 0.5806451612903226, "f1-score": 0.6666666666666667, "support": 93}, "micro avg": {"precision": 0.7710120068610634, "recall": 0.7448218724109362, "f1-score": 0.7576906868942266, "support": 2414}, "macro avg": {"precision": 0.5049498198959053, "recall": 0.3843982029616585, "f1-score": 0.404221074056912, "support": 2414}, "weighted avg": {"precision": 0.7637628176263279, "recall": 0.7448218724109362, "f1-score": 0.7326439246002663, "support": 2414}, "samples avg": {"precision": 0.7710120068610634, "recall": 0.7566466552315609, "f1-score": 0.7613636363636364, "support": 2414}}