{"related-to": {"precision": 0.0, "recall": 0.0, "f1-score": 0.0, "support": 6}, "artifact": {"precision": 0.0, "recall": 0.0, "f1-score": 0.0, "support": 0}, "cause-effect": {"precision": 0.0, "recall": 0.0, "f1-score": 0.0, "support": 0}, "compare": {"precision": 0.0, "recall": 0.0, "f1-score": 0.0, "support": 0}, "general-affiliation": {"precision": 0.0, "recall": 0.0, "f1-score": 0.0, "support": 10}, "named": {"precision": 0.1875, "recall": 0.75, "f1-score": 0.3, "support": 4}, "opposite": {"precision": 0.17391304347826086, "recall": 0.10256410256410256, "f1-score": 0.12903225806451615, "support": 39}, "origin": {"precision": 0.0, "recall": 0.0, "f1-score": 0.0, "support": 0}, "part-of": {"precision": 0.0, "recall": 0.0, "f1-score": 0.0, "support": 28}, "physical": {"precision": 0.44871794871794873, "recall": 0.2713178294573643, "f1-score": 0.33816425120772947, "support": 129}, "role": {"precision": 0.436, "recall": 0.7569444444444444, "f1-score": 0.5532994923857868, "support": 144}, "social": {"precision": 0.0, "recall": 0.0, "f1-score": 0.0, "support": 0}, "temporal": {"precision": 0.0, "recall": 0.0, "f1-score": 0.0, "support": 1}, "topic": {"precision": 0.0, "recall": 0.0, "f1-score": 0.0, "support": 0}, "type-of": {"precision": 0.0, "recall": 0.0, "f1-score": 0.0, "support": 0}, "usage": {"precision": 0.0, "recall": 0.0, "f1-score": 0.0, "support": 0}, "win-defeat": {"precision": 0.0, "recall": 0.0, "f1-score": 0.0, "support": 35}, "micro avg": {"precision": 0.3813131313131313, "recall": 0.3813131313131313, "f1-score": 0.3813131313131314, "support": 396}, "macro avg": {"precision": 0.07330182307036527, "recall": 0.11063684567446537, "f1-score": 0.07767623539164896, "support": 396}, "weighted avg": {"precision": 0.3237404648491605, "recall": 0.3813131313131313, "f1-score": 0.3270974075097639, "support": 396}, "samples avg": {"precision": 0.3813131313131313, "recall": 0.3813131313131313, "f1-score": 0.3813131313131313, "support": 396}}