{"related-to": {"precision": 0.25, "recall": 0.027777777777777776, "f1-score": 0.049999999999999996, "support": 72}, "artifact": {"precision": 0.8486646884272997, "recall": 0.9533333333333334, "f1-score": 0.8979591836734694, "support": 300}, "cause-effect": {"precision": 0.0, "recall": 0.0, "f1-score": 0.0, "support": 1}, "compare": {"precision": 0.0, "recall": 0.0, "f1-score": 0.0, "support": 8}, "general-affiliation": {"precision": 0.7704081632653061, "recall": 0.9207317073170732, "f1-score": 0.838888888888889, "support": 328}, "named": {"precision": 0.36507936507936506, "recall": 0.48936170212765956, "f1-score": 0.41818181818181815, "support": 94}, "opposite": {"precision": 0.0, "recall": 0.0, "f1-score": 0.0, "support": 14}, "origin": {"precision": 0.0, "recall": 0.0, "f1-score": 0.0, "support": 47}, "part-of": {"precision": 0.3953488372093023, "recall": 0.17708333333333334, "f1-score": 0.2446043165467626, "support": 96}, "physical": {"precision": 0.717948717948718, "recall": 0.8045977011494253, "f1-score": 0.7588075880758808, "support": 174}, "role": {"precision": 0.5635179153094463, "recall": 0.6837944664031621, "f1-score": 0.6178571428571429, "support": 253}, "social": {"precision": 0.5416666666666666, "recall": 0.2765957446808511, "f1-score": 0.3661971830985916, "support": 47}, "temporal": {"precision": 0.4186046511627907, "recall": 0.6206896551724138, "f1-score": 0.5, "support": 29}, "topic": {"precision": 0.3333333333333333, "recall": 0.023809523809523808, "f1-score": 0.044444444444444446, "support": 42}, "type-of": {"precision": 1.0, "recall": 0.05555555555555555, "f1-score": 0.10526315789473684, "support": 18}, "usage": {"precision": 0.0, "recall": 0.0, "f1-score": 0.0, "support": 2}, "win-defeat": {"precision": 0.6306306306306306, "recall": 0.7216494845360825, "f1-score": 0.6730769230769231, "support": 97}, "micro avg": {"precision": 0.6723270440251572, "recall": 0.659062885326757, "f1-score": 0.6656288916562889, "support": 1622}, "macro avg": {"precision": 0.4020707628842858, "recall": 0.3385282344233054, "f1-score": 0.32442827333756824, "support": 1622}, "weighted avg": {"precision": 0.6139496804274698, "recall": 0.659062885326757, "f1-score": 0.6165511258175734, "support": 1622}, "samples avg": {"precision": 0.6723270440251572, "recall": 0.6649895178197065, "f1-score": 0.6674004192872116, "support": 1622}}