{"related-to": {"precision": 0.0, "recall": 0.0, "f1-score": 0.0, "support": 76}, "artifact": {"precision": 0.0, "recall": 0.0, "f1-score": 0.0, "support": 2}, "cause-effect": {"precision": 0.0, "recall": 0.0, "f1-score": 0.0, "support": 0}, "compare": {"precision": 0.0, "recall": 0.0, "f1-score": 0.0, "support": 6}, "general-affiliation": {"precision": 0.13636363636363635, "recall": 0.3870967741935484, "f1-score": 0.20168067226890754, "support": 31}, "named": {"precision": 0.6140350877192983, "recall": 0.5384615384615384, "f1-score": 0.5737704918032787, "support": 130}, "opposite": {"precision": 0.15789473684210525, "recall": 0.05660377358490566, "f1-score": 0.08333333333333333, "support": 53}, "origin": {"precision": 0.0, "recall": 0.0, "f1-score": 0.0, "support": 55}, "part-of": {"precision": 0.38095238095238093, "recall": 0.06837606837606838, "f1-score": 0.11594202898550726, "support": 117}, "physical": {"precision": 0.6835164835164835, "recall": 0.7603911980440098, "f1-score": 0.7199074074074074, "support": 409}, "role": {"precision": 0.6002415458937198, "recall": 0.5952095808383233, "f1-score": 0.597714972940469, "support": 835}, "social": {"precision": 0.0, "recall": 0.0, "f1-score": 0.0, "support": 21}, "temporal": {"precision": 0.8618421052631579, "recall": 0.8534201954397395, "f1-score": 0.8576104746317512, "support": 307}, "topic": {"precision": 0.0, "recall": 0.0, "f1-score": 0.0, "support": 13}, "type-of": {"precision": 0.0, "recall": 0.0, "f1-score": 0.0, "support": 28}, "usage": {"precision": 0.0, "recall": 0.0, "f1-score": 0.0, "support": 0}, "win-defeat": {"precision": 1.0, "recall": 0.024390243902439025, "f1-score": 0.047619047619047616, "support": 41}, "micro avg": {"precision": 0.6357181867831786, "recall": 0.5480225988700564, "f1-score": 0.588621997471555, "support": 2124}, "macro avg": {"precision": 0.2608732927382813, "recall": 0.19317349252003368, "f1-score": 0.1880928487641001, "support": 2124}, "weighted avg": {"precision": 0.5759591067091002, "recall": 0.5480225988700564, "f1-score": 0.5450080402692954, "support": 2124}, "samples avg": {"precision": 0.6357181867831786, "recall": 0.5573457127252868, "f1-score": 0.5834698707445841, "support": 2124}}