{"related-to": {"precision": 0.2240325865580448, "recall": 0.26570048309178745, "f1-score": 0.24309392265193372, "support": 414}, "artifact": {"precision": 0.634850166481687, "recall": 0.9007874015748032, "f1-score": 0.7447916666666667, "support": 635}, "cause-effect": {"precision": 0.0, "recall": 0.0, "f1-score": 0.0, "support": 86}, "compare": {"precision": 0.0, "recall": 0.0, "f1-score": 0.0, "support": 82}, "general-affiliation": {"precision": 0.7458483754512636, "recall": 0.8337368845843423, "f1-score": 0.7873475609756099, "support": 1239}, "named": {"precision": 0.5689102564102564, "recall": 0.6362007168458781, "f1-score": 0.6006768189509306, "support": 558}, "opposite": {"precision": 0.23529411764705882, "recall": 0.03125, "f1-score": 0.05517241379310345, "support": 128}, "origin": {"precision": 0.2325, "recall": 0.3059210526315789, "f1-score": 0.26420454545454547, "support": 304}, "part-of": {"precision": 0.2908496732026144, "recall": 0.37031900138696255, "f1-score": 0.32580841976815134, "support": 721}, "physical": {"precision": 0.6608779546550893, "recall": 0.9415807560137457, "f1-score": 0.7766439909297053, "support": 1455}, "role": {"precision": 0.6866071428571429, "recall": 0.38334995014955137, "f1-score": 0.4920025591810621, "support": 2006}, "social": {"precision": 1.0, "recall": 0.009523809523809525, "f1-score": 0.01886792452830189, "support": 105}, "temporal": {"precision": 0.8215297450424929, "recall": 0.7107843137254902, "f1-score": 0.7621550591327202, "support": 408}, "topic": {"precision": 0.0, "recall": 0.0, "f1-score": 0.0, "support": 170}, "type-of": {"precision": 0.975, "recall": 0.23214285714285715, "f1-score": 0.375, "support": 336}, "usage": {"precision": 0.0, "recall": 0.0, "f1-score": 0.0, "support": 200}, "win-defeat": {"precision": 0.62751677852349, "recall": 0.5899053627760252, "f1-score": 0.608130081300813, "support": 317}, "micro avg": {"precision": 0.5917166589755423, "recall": 0.5596900916630293, "f1-score": 0.5752579632122029, "support": 9164}, "macro avg": {"precision": 0.4531656939311259, "recall": 0.3653648582027548, "f1-score": 0.3561114684313849, "support": 9164}, "weighted avg": {"precision": 0.58419423566278, "recall": 0.5596900916630293, "f1-score": 0.5407316433069709, "support": 9164}, "samples avg": {"precision": 0.5917166589755423, "recall": 0.5667012767266574, "f1-score": 0.5750076911244424, "support": 9164}}