{"related-to": {"precision": 0.4, "recall": 0.027777777777777776, "f1-score": 0.051948051948051945, "support": 72}, "artifact": {"precision": 0.8414985590778098, "recall": 0.9733333333333334, "f1-score": 0.9026275115919631, "support": 300}, "cause-effect": {"precision": 0.0, "recall": 0.0, "f1-score": 0.0, "support": 1}, "compare": {"precision": 0.0, "recall": 0.0, "f1-score": 0.0, "support": 8}, "general-affiliation": {"precision": 0.7989821882951654, "recall": 0.9573170731707317, "f1-score": 0.8710124826629682, "support": 328}, "named": {"precision": 0.3841059602649007, "recall": 0.6170212765957447, "f1-score": 0.473469387755102, "support": 94}, "opposite": {"precision": 0.0, "recall": 0.0, "f1-score": 0.0, "support": 14}, "origin": {"precision": 0.0, "recall": 0.0, "f1-score": 0.0, "support": 47}, "part-of": {"precision": 0.3103448275862069, "recall": 0.09375, "f1-score": 0.14400000000000002, "support": 96}, "physical": {"precision": 0.7759562841530054, "recall": 0.8160919540229885, "f1-score": 0.7955182072829132, "support": 174}, "role": {"precision": 0.6215277777777778, "recall": 0.7075098814229249, "f1-score": 0.6617375231053605, "support": 253}, "social": {"precision": 0.3333333333333333, "recall": 0.2127659574468085, "f1-score": 0.2597402597402597, "support": 47}, "temporal": {"precision": 0.5142857142857142, "recall": 0.6206896551724138, "f1-score": 0.5625, "support": 29}, "topic": {"precision": 0.375, "recall": 0.07142857142857142, "f1-score": 0.12, "support": 42}, "type-of": {"precision": 1.0, "recall": 0.6111111111111112, "f1-score": 0.7586206896551725, "support": 18}, "usage": {"precision": 0.0, "recall": 0.0, "f1-score": 0.0, "support": 2}, "win-defeat": {"precision": 0.6727272727272727, "recall": 0.7628865979381443, "f1-score": 0.7149758454106279, "support": 97}, "micro avg": {"precision": 0.6993710691823899, "recall": 0.6855733662145499, "f1-score": 0.6924034869240349, "support": 1622}, "macro avg": {"precision": 0.41339775985301097, "recall": 0.3806872464365029, "f1-score": 0.37153823289131876, "support": 1622}, "weighted avg": {"precision": 0.6356739878256672, "recall": 0.6855733662145499, "f1-score": 0.6417747305916036, "support": 1622}, "samples avg": {"precision": 0.6993710691823899, "recall": 0.6926624737945493, "f1-score": 0.6948637316561844, "support": 1622}}