{"related-to": {"precision": 0.0, "recall": 0.0, "f1-score": 0.0, "support": 6}, "artifact": {"precision": 0.0, "recall": 0.0, "f1-score": 0.0, "support": 0}, "cause-effect": {"precision": 0.0, "recall": 0.0, "f1-score": 0.0, "support": 0}, "compare": {"precision": 0.0, "recall": 0.0, "f1-score": 0.0, "support": 0}, "general-affiliation": {"precision": 0.0, "recall": 0.0, "f1-score": 0.0, "support": 10}, "named": {"precision": 0.0, "recall": 0.0, "f1-score": 0.0, "support": 4}, "opposite": {"precision": 0.0, "recall": 0.0, "f1-score": 0.0, "support": 39}, "origin": {"precision": 0.0, "recall": 0.0, "f1-score": 0.0, "support": 0}, "part-of": {"precision": 0.0, "recall": 0.0, "f1-score": 0.0, "support": 28}, "physical": {"precision": 0.8235294117647058, "recall": 0.10852713178294573, "f1-score": 0.19178082191780824, "support": 129}, "role": {"precision": 0.37730870712401055, "recall": 0.9930555555555556, "f1-score": 0.5468451242829828, "support": 144}, "social": {"precision": 0.0, "recall": 0.0, "f1-score": 0.0, "support": 0}, "temporal": {"precision": 0.0, "recall": 0.0, "f1-score": 0.0, "support": 1}, "topic": {"precision": 0.0, "recall": 0.0, "f1-score": 0.0, "support": 0}, "type-of": {"precision": 0.0, "recall": 0.0, "f1-score": 0.0, "support": 0}, "usage": {"precision": 0.0, "recall": 0.0, "f1-score": 0.0, "support": 0}, "win-defeat": {"precision": 0.0, "recall": 0.0, "f1-score": 0.0, "support": 35}, "micro avg": {"precision": 0.39646464646464646, "recall": 0.39646464646464646, "f1-score": 0.39646464646464646, "support": 396}, "macro avg": {"precision": 0.07063753640521861, "recall": 0.06479898160814714, "f1-score": 0.04344858507063477, "support": 396}, "weighted avg": {"precision": 0.4054741109684459, "recall": 0.39646464646464646, "f1-score": 0.2613268280912798, "support": 396}, "samples avg": {"precision": 0.39646464646464646, "recall": 0.39646464646464646, "f1-score": 0.39646464646464646, "support": 396}}