{"related-to": {"precision": 0.0, "recall": 0.0, "f1-score": 0.0, "support": 6}, "artifact": {"precision": 0.0, "recall": 0.0, "f1-score": 0.0, "support": 0}, "cause-effect": {"precision": 0.0, "recall": 0.0, "f1-score": 0.0, "support": 0}, "compare": {"precision": 0.0, "recall": 0.0, "f1-score": 0.0, "support": 0}, "general-affiliation": {"precision": 0.0, "recall": 0.0, "f1-score": 0.0, "support": 10}, "named": {"precision": 0.0, "recall": 0.0, "f1-score": 0.0, "support": 4}, "opposite": {"precision": 0.0, "recall": 0.0, "f1-score": 0.0, "support": 39}, "origin": {"precision": 0.0, "recall": 0.0, "f1-score": 0.0, "support": 0}, "part-of": {"precision": 0.0, "recall": 0.0, "f1-score": 0.0, "support": 28}, "physical": {"precision": 0.6382978723404256, "recall": 0.6976744186046512, "f1-score": 0.6666666666666666, "support": 129}, "role": {"precision": 0.49411764705882355, "recall": 0.875, "f1-score": 0.631578947368421, "support": 144}, "social": {"precision": 0.0, "recall": 0.0, "f1-score": 0.0, "support": 0}, "temporal": {"precision": 0.0, "recall": 0.0, "f1-score": 0.0, "support": 1}, "topic": {"precision": 0.0, "recall": 0.0, "f1-score": 0.0, "support": 0}, "type-of": {"precision": 0.0, "recall": 0.0, "f1-score": 0.0, "support": 0}, "usage": {"precision": 0.0, "recall": 0.0, "f1-score": 0.0, "support": 0}, "win-defeat": {"precision": 0.0, "recall": 0.0, "f1-score": 0.0, "support": 35}, "micro avg": {"precision": 0.5454545454545454, "recall": 0.5454545454545454, "f1-score": 0.5454545454545454, "support": 396}, "macro avg": {"precision": 0.06661267761172053, "recall": 0.09251025991792065, "f1-score": 0.07636738906088751, "support": 396}, "weighted avg": {"precision": 0.38760951188986237, "recall": 0.5454545454545454, "f1-score": 0.4468367889420521, "support": 396}, "samples avg": {"precision": 0.5454545454545454, "recall": 0.5454545454545454, "f1-score": 0.5454545454545454, "support": 396}}