{"related-to": {"precision": 0.20168067226890757, "recall": 0.2222222222222222, "f1-score": 0.21145374449339208, "support": 108}, "artifact": {"precision": 0.5675675675675675, "recall": 0.5121951219512195, "f1-score": 0.5384615384615384, "support": 41}, "cause-effect": {"precision": 0.0, "recall": 0.0, "f1-score": 0.0, "support": 5}, "compare": {"precision": 0.5, "recall": 0.041666666666666664, "f1-score": 0.07692307692307693, "support": 24}, "general-affiliation": {"precision": 0.2, "recall": 0.013333333333333334, "f1-score": 0.025, "support": 75}, "named": {"precision": 0.6183206106870229, "recall": 0.5827338129496403, "f1-score": 0.6000000000000001, "support": 139}, "opposite": {"precision": 0.0, "recall": 0.0, "f1-score": 0.0, "support": 11}, "origin": {"precision": 0.36363636363636365, "recall": 0.449438202247191, "f1-score": 0.4020100502512563, "support": 89}, "part-of": {"precision": 0.3243801652892562, "recall": 0.7336448598130841, "f1-score": 0.44985673352435523, "support": 214}, "physical": {"precision": 0.8625, "recall": 0.6764705882352942, "f1-score": 0.7582417582417582, "support": 102}, "role": {"precision": 0.6463414634146342, "recall": 0.48623853211009177, "f1-score": 0.5549738219895288, "support": 109}, "social": {"precision": 0.0, "recall": 0.0, "f1-score": 0.0, "support": 1}, "temporal": {"precision": 0.75, "recall": 0.42857142857142855, "f1-score": 0.5454545454545454, "support": 21}, "topic": {"precision": 0.625, "recall": 0.12195121951219512, "f1-score": 0.20408163265306123, "support": 41}, "type-of": {"precision": 0.21568627450980393, "recall": 0.2037037037037037, "f1-score": 0.2095238095238095, "support": 54}, "usage": {"precision": 0.16666666666666666, "recall": 0.00819672131147541, "f1-score": 0.015625, "support": 122}, "win-defeat": {"precision": 0.0, "recall": 0.0, "f1-score": 0.0, "support": 7}, "micro avg": {"precision": 0.419698314108252, "recall": 0.4067067927773001, "f1-score": 0.4131004366812227, "support": 1163}, "macro avg": {"precision": 0.3553988108258955, "recall": 0.2635509654486792, "f1-score": 0.27009445361860723, "support": 1163}, "weighted avg": {"precision": 0.4226663380613959, "recall": 0.4067067927773001, "f1-score": 0.3739970342390901, "support": 1163}, "samples avg": {"precision": 0.419698314108252, "recall": 0.4128955930198166, "f1-score": 0.41511387163561075, "support": 1163}}