{"related-to": {"precision": 0.0, "recall": 0.0, "f1-score": 0.0, "support": 26}, "artifact": {"precision": 0.8916967509025271, "recall": 0.9536679536679536, "f1-score": 0.9216417910447762, "support": 259}, "cause-effect": {"precision": 0.0, "recall": 0.0, "f1-score": 0.0, "support": 4}, "compare": {"precision": 0.0, "recall": 0.0, "f1-score": 0.0, "support": 5}, "general-affiliation": {"precision": 0.8267008985879333, "recall": 0.8919667590027701, "f1-score": 0.8580946035976017, "support": 722}, "named": {"precision": 0.4375, "recall": 0.08433734939759036, "f1-score": 0.14141414141414144, "support": 83}, "opposite": {"precision": 0.0, "recall": 0.0, "f1-score": 0.0, "support": 6}, "origin": {"precision": 0.3076923076923077, "recall": 0.21052631578947367, "f1-score": 0.25, "support": 19}, "part-of": {"precision": 0.32786885245901637, "recall": 0.3409090909090909, "f1-score": 0.33426183844011137, "support": 176}, "physical": {"precision": 0.9035874439461884, "recall": 0.9664268585131894, "f1-score": 0.9339513325608343, "support": 417}, "role": {"precision": 0.6809045226130653, "recall": 0.7150395778364116, "f1-score": 0.6975546975546976, "support": 379}, "social": {"precision": 0.0, "recall": 0.0, "f1-score": 0.0, "support": 22}, "temporal": {"precision": 0.13513513513513514, "recall": 0.4166666666666667, "f1-score": 0.20408163265306126, "support": 24}, "topic": {"precision": 0.0, "recall": 0.0, "f1-score": 0.0, "support": 8}, "type-of": {"precision": 1.0, "recall": 0.42016806722689076, "f1-score": 0.591715976331361, "support": 119}, "usage": {"precision": 1.0, "recall": 0.2692307692307692, "f1-score": 0.42424242424242425, "support": 52}, "win-defeat": {"precision": 0.7682926829268293, "recall": 0.6774193548387096, "f1-score": 0.7199999999999999, "support": 93}, "micro avg": {"precision": 0.7602915951972555, "recall": 0.7344656172328086, "f1-score": 0.7471554993678886, "support": 2414}, "macro avg": {"precision": 0.42819874083900017, "recall": 0.3497858095929127, "f1-score": 0.35746814340229466, "support": 2414}, "weighted avg": {"precision": 0.7490655841319526, "recall": 0.7344656172328086, "f1-score": 0.7256548001075844, "support": 2414}, "samples avg": {"precision": 0.7602915951972555, "recall": 0.7458547741566609, "f1-score": 0.7506432246998285, "support": 2414}}