{"related-to": {"precision": 0.3333333333333333, "recall": 0.038461538461538464, "f1-score": 0.06896551724137931, "support": 26}, "artifact": {"precision": 0.7777777777777778, "recall": 0.918918918918919, "f1-score": 0.8424778761061947, "support": 259}, "cause-effect": {"precision": 0.0, "recall": 0.0, "f1-score": 0.0, "support": 4}, "compare": {"precision": 0.0, "recall": 0.0, "f1-score": 0.0, "support": 5}, "general-affiliation": {"precision": 0.8654353562005277, "recall": 0.9085872576177285, "f1-score": 0.8864864864864864, "support": 722}, "named": {"precision": 0.6842105263157895, "recall": 0.1566265060240964, "f1-score": 0.2549019607843137, "support": 83}, "opposite": {"precision": 0.0, "recall": 0.0, "f1-score": 0.0, "support": 6}, "origin": {"precision": 0.3125, "recall": 0.2631578947368421, "f1-score": 0.2857142857142857, "support": 19}, "part-of": {"precision": 0.3707865168539326, "recall": 0.375, "f1-score": 0.3728813559322034, "support": 176}, "physical": {"precision": 0.8541666666666666, "recall": 0.9832134292565947, "f1-score": 0.9141583054626533, "support": 417}, "role": {"precision": 0.6737967914438503, "recall": 0.6649076517150396, "f1-score": 0.6693227091633466, "support": 379}, "social": {"precision": 0.0, "recall": 0.0, "f1-score": 0.0, "support": 22}, "temporal": {"precision": 0.18181818181818182, "recall": 0.4166666666666667, "f1-score": 0.25316455696202533, "support": 24}, "topic": {"precision": 0.0, "recall": 0.0, "f1-score": 0.0, "support": 8}, "type-of": {"precision": 0.9850746268656716, "recall": 0.5546218487394958, "f1-score": 0.7096774193548386, "support": 119}, "usage": {"precision": 1.0, "recall": 0.36538461538461536, "f1-score": 0.5352112676056338, "support": 52}, "win-defeat": {"precision": 0.7543859649122807, "recall": 0.46236559139784944, "f1-score": 0.5733333333333334, "support": 93}, "micro avg": {"precision": 0.7628644939965694, "recall": 0.7369511184755593, "f1-score": 0.7496839443742098, "support": 2414}, "macro avg": {"precision": 0.4584285730698831, "recall": 0.3592889364070227, "f1-score": 0.3744879455380408, "support": 2414}, "weighted avg": {"precision": 0.7532074294089094, "recall": 0.7369511184755593, "f1-score": 0.7285859725589904, "support": 2414}, "samples avg": {"precision": 0.7628644939965694, "recall": 0.7474271012006861, "f1-score": 0.752501429388222, "support": 2414}}