{"related-to": {"precision": 0.25, "recall": 0.013888888888888888, "f1-score": 0.02631578947368421, "support": 72}, "artifact": {"precision": 0.8125, "recall": 0.9533333333333334, "f1-score": 0.8773006134969326, "support": 300}, "cause-effect": {"precision": 0.0, "recall": 0.0, "f1-score": 0.0, "support": 1}, "compare": {"precision": 0.0, "recall": 0.0, "f1-score": 0.0, "support": 8}, "general-affiliation": {"precision": 0.817174515235457, "recall": 0.899390243902439, "f1-score": 0.8563134978229319, "support": 328}, "named": {"precision": 0.448, "recall": 0.5957446808510638, "f1-score": 0.5114155251141552, "support": 94}, "opposite": {"precision": 0.0, "recall": 0.0, "f1-score": 0.0, "support": 14}, "origin": {"precision": 0.0, "recall": 0.0, "f1-score": 0.0, "support": 47}, "part-of": {"precision": 0.17857142857142858, "recall": 0.052083333333333336, "f1-score": 0.08064516129032258, "support": 96}, "physical": {"precision": 0.7529411764705882, "recall": 0.735632183908046, "f1-score": 0.7441860465116279, "support": 174}, "role": {"precision": 0.5538922155688623, "recall": 0.7312252964426877, "f1-score": 0.6303236797274275, "support": 253}, "social": {"precision": 0.5517241379310345, "recall": 0.3404255319148936, "f1-score": 0.4210526315789473, "support": 47}, "temporal": {"precision": 0.5609756097560976, "recall": 0.7931034482758621, "f1-score": 0.6571428571428573, "support": 29}, "topic": {"precision": 0.14285714285714285, "recall": 0.047619047619047616, "f1-score": 0.07142857142857142, "support": 42}, "type-of": {"precision": 1.0, "recall": 0.7222222222222222, "f1-score": 0.8387096774193548, "support": 18}, "usage": {"precision": 0.0, "recall": 0.0, "f1-score": 0.0, "support": 2}, "win-defeat": {"precision": 0.7203389830508474, "recall": 0.8762886597938144, "f1-score": 0.7906976744186046, "support": 97}, "micro avg": {"precision": 0.6886792452830188, "recall": 0.6750924784217016, "f1-score": 0.6818181818181818, "support": 1622}, "macro avg": {"precision": 0.3993514829083211, "recall": 0.39770334532268425, "f1-score": 0.3826783367897304, "support": 1622}, "weighted avg": {"precision": 0.6142150443320031, "recall": 0.6750924784217016, "f1-score": 0.6315487492227356, "support": 1622}, "samples avg": {"precision": 0.6886792452830188, "recall": 0.6803983228511531, "f1-score": 0.6831236897274632, "support": 1622}}