{"related-to": {"precision": 0.3333333333333333, "recall": 0.2584541062801932, "f1-score": 0.291156462585034, "support": 414}, "artifact": {"precision": 0.8030942334739803, "recall": 0.8992125984251969, "f1-score": 0.8484398216939079, "support": 635}, "cause-effect": {"precision": 0.0, "recall": 0.0, "f1-score": 0.0, "support": 86}, "compare": {"precision": 1.0, "recall": 0.024390243902439025, "f1-score": 0.047619047619047616, "support": 82}, "general-affiliation": {"precision": 0.6694362017804154, "recall": 0.910411622276029, "f1-score": 0.7715458276333789, "support": 1239}, "named": {"precision": 0.5784615384615385, "recall": 0.6738351254480287, "f1-score": 0.6225165562913908, "support": 558}, "opposite": {"precision": 0.24324324324324326, "recall": 0.140625, "f1-score": 0.17821782178217824, "support": 128}, "origin": {"precision": 0.45454545454545453, "recall": 0.23026315789473684, "f1-score": 0.3056768558951965, "support": 304}, "part-of": {"precision": 0.3203371970495258, "recall": 0.42163661581137307, "f1-score": 0.36407185628742517, "support": 721}, "physical": {"precision": 0.6777063766683143, "recall": 0.9422680412371134, "f1-score": 0.7883841288096607, "support": 1455}, "role": {"precision": 0.6811832374691865, "recall": 0.4132602193419741, "f1-score": 0.5144275519702142, "support": 2006}, "social": {"precision": 0.44776119402985076, "recall": 0.2857142857142857, "f1-score": 0.3488372093023256, "support": 105}, "temporal": {"precision": 0.769406392694064, "recall": 0.8259803921568627, "f1-score": 0.7966903073286052, "support": 408}, "topic": {"precision": 1.0, "recall": 0.011764705882352941, "f1-score": 0.023255813953488372, "support": 170}, "type-of": {"precision": 0.9166666666666666, "recall": 0.2619047619047619, "f1-score": 0.4074074074074074, "support": 336}, "usage": {"precision": 1.0, "recall": 0.105, "f1-score": 0.19004524886877827, "support": 200}, "win-defeat": {"precision": 0.7906976744186046, "recall": 0.6435331230283912, "f1-score": 0.7095652173913042, "support": 317}, "micro avg": {"precision": 0.629672358098754, "recall": 0.5955914447839371, "f1-score": 0.6121579183490354, "support": 9164}, "macro avg": {"precision": 0.6285807496373045, "recall": 0.41460317642963174, "f1-score": 0.4239915961658437, "support": 9164}, "weighted avg": {"precision": 0.6465035085019323, "recall": 0.5955914447839371, "f1-score": 0.5771767270610372, "support": 9164}, "samples avg": {"precision": 0.629672358098754, "recall": 0.6046569758498692, "f1-score": 0.6129633902476541, "support": 9164}}