{"related-to": {"precision": 0.0, "recall": 0.0, "f1-score": 0.0, "support": 6}, "artifact": {"precision": 0.0, "recall": 0.0, "f1-score": 0.0, "support": 0}, "cause-effect": {"precision": 0.0, "recall": 0.0, "f1-score": 0.0, "support": 0}, "compare": {"precision": 0.0, "recall": 0.0, "f1-score": 0.0, "support": 0}, "general-affiliation": {"precision": 0.0, "recall": 0.0, "f1-score": 0.0, "support": 10}, "named": {"precision": 0.3, "recall": 0.75, "f1-score": 0.4285714285714285, "support": 4}, "opposite": {"precision": 0.4, "recall": 0.05128205128205128, "f1-score": 0.09090909090909091, "support": 39}, "origin": {"precision": 0.0, "recall": 0.0, "f1-score": 0.0, "support": 0}, "part-of": {"precision": 0.0, "recall": 0.0, "f1-score": 0.0, "support": 28}, "physical": {"precision": 0.5081967213114754, "recall": 0.4806201550387597, "f1-score": 0.4940239043824701, "support": 129}, "role": {"precision": 0.46332046332046334, "recall": 0.8333333333333334, "f1-score": 0.5955334987593052, "support": 144}, "social": {"precision": 0.0, "recall": 0.0, "f1-score": 0.0, "support": 0}, "temporal": {"precision": 0.0, "recall": 0.0, "f1-score": 0.0, "support": 1}, "topic": {"precision": 0.0, "recall": 0.0, "f1-score": 0.0, "support": 0}, "type-of": {"precision": 0.0, "recall": 0.0, "f1-score": 0.0, "support": 0}, "usage": {"precision": 0.0, "recall": 0.0, "f1-score": 0.0, "support": 0}, "win-defeat": {"precision": 0.0, "recall": 0.0, "f1-score": 0.0, "support": 35}, "micro avg": {"precision": 0.4722222222222222, "recall": 0.4722222222222222, "f1-score": 0.4722222222222222, "support": 396}, "macro avg": {"precision": 0.09832454027246698, "recall": 0.12442561997965557, "f1-score": 0.09464928956601733, "support": 396}, "weighted avg": {"precision": 0.37645334284678555, "recall": 0.4722222222222222, "f1-score": 0.39077183774348195, "support": 396}, "samples avg": {"precision": 0.4722222222222222, "recall": 0.4722222222222222, "f1-score": 0.4722222222222222, "support": 396}}