{"related-to": {"precision": 0.0, "recall": 0.0, "f1-score": 0.0, "support": 6}, "artifact": {"precision": 0.0, "recall": 0.0, "f1-score": 0.0, "support": 0}, "cause-effect": {"precision": 0.0, "recall": 0.0, "f1-score": 0.0, "support": 0}, "compare": {"precision": 0.0, "recall": 0.0, "f1-score": 0.0, "support": 0}, "general-affiliation": {"precision": 0.0, "recall": 0.0, "f1-score": 0.0, "support": 10}, "named": {"precision": 1.0, "recall": 0.5, "f1-score": 0.6666666666666666, "support": 4}, "opposite": {"precision": 0.07142857142857142, "recall": 0.02564102564102564, "f1-score": 0.03773584905660377, "support": 39}, "origin": {"precision": 0.0, "recall": 0.0, "f1-score": 0.0, "support": 0}, "part-of": {"precision": 0.0, "recall": 0.0, "f1-score": 0.0, "support": 28}, "physical": {"precision": 0.4435483870967742, "recall": 0.4263565891472868, "f1-score": 0.4347826086956522, "support": 129}, "role": {"precision": 0.4453125, "recall": 0.7916666666666666, "f1-score": 0.5700000000000001, "support": 144}, "social": {"precision": 0.0, "recall": 0.0, "f1-score": 0.0, "support": 0}, "temporal": {"precision": 0.0, "recall": 0.0, "f1-score": 0.0, "support": 1}, "topic": {"precision": 0.0, "recall": 0.0, "f1-score": 0.0, "support": 0}, "type-of": {"precision": 0.0, "recall": 0.0, "f1-score": 0.0, "support": 0}, "usage": {"precision": 0.0, "recall": 0.0, "f1-score": 0.0, "support": 0}, "win-defeat": {"precision": 0.0, "recall": 0.0, "f1-score": 0.0, "support": 35}, "micro avg": {"precision": 0.43434343434343436, "recall": 0.43434343434343436, "f1-score": 0.4343434343434344, "support": 396}, "macro avg": {"precision": 0.11531114461913798, "recall": 0.10256848714441054, "f1-score": 0.1005403014364072, "support": 396}, "weighted avg": {"precision": 0.32355670762928823, "recall": 0.43434343434343436, "f1-score": 0.35935687197377114, "support": 396}, "samples avg": {"precision": 0.43434343434343436, "recall": 0.43434343434343436, "f1-score": 0.43434343434343436, "support": 396}}