{"related-to": {"precision": 0.25, "recall": 0.041666666666666664, "f1-score": 0.07142857142857142, "support": 72}, "artifact": {"precision": 0.7750677506775068, "recall": 0.9533333333333334, "f1-score": 0.8550074738415545, "support": 300}, "cause-effect": {"precision": 0.0, "recall": 0.0, "f1-score": 0.0, "support": 1}, "compare": {"precision": 0.0, "recall": 0.0, "f1-score": 0.0, "support": 8}, "general-affiliation": {"precision": 0.811965811965812, "recall": 0.8689024390243902, "f1-score": 0.8394698085419734, "support": 328}, "named": {"precision": 0.4262295081967213, "recall": 0.5531914893617021, "f1-score": 0.48148148148148145, "support": 94}, "opposite": {"precision": 0.0, "recall": 0.0, "f1-score": 0.0, "support": 14}, "origin": {"precision": 0.0, "recall": 0.0, "f1-score": 0.0, "support": 47}, "part-of": {"precision": 0.3333333333333333, "recall": 0.052083333333333336, "f1-score": 0.0900900900900901, "support": 96}, "physical": {"precision": 0.6910994764397905, "recall": 0.7586206896551724, "f1-score": 0.7232876712328766, "support": 174}, "role": {"precision": 0.565625, "recall": 0.7154150197628458, "f1-score": 0.631762652705061, "support": 253}, "social": {"precision": 0.6666666666666666, "recall": 0.5106382978723404, "f1-score": 0.5783132530120482, "support": 47}, "temporal": {"precision": 0.6111111111111112, "recall": 0.7586206896551724, "f1-score": 0.676923076923077, "support": 29}, "topic": {"precision": 0.4, "recall": 0.14285714285714285, "f1-score": 0.21052631578947364, "support": 42}, "type-of": {"precision": 0.8333333333333334, "recall": 0.5555555555555556, "f1-score": 0.6666666666666667, "support": 18}, "usage": {"precision": 0.0, "recall": 0.0, "f1-score": 0.0, "support": 2}, "win-defeat": {"precision": 0.7297297297297297, "recall": 0.8350515463917526, "f1-score": 0.7788461538461539, "support": 97}, "micro avg": {"precision": 0.6836477987421383, "recall": 0.6701602959309494, "f1-score": 0.6768368617683685, "support": 1622}, "macro avg": {"precision": 0.417303630673765, "recall": 0.396819776674671, "f1-score": 0.38845901267994287, "support": 1622}, "weighted avg": {"precision": 0.6189299990988859, "recall": 0.6701602959309494, "f1-score": 0.6287230484848767, "support": 1622}, "samples avg": {"precision": 0.6836477987421383, "recall": 0.6759958071278827, "f1-score": 0.6785115303983228, "support": 1622}}