{"related-to": {"precision": 0.32134831460674157, "recall": 0.34541062801932365, "f1-score": 0.3329452852153667, "support": 414}, "artifact": {"precision": 0.7956698240866035, "recall": 0.925984251968504, "f1-score": 0.8558951965065502, "support": 635}, "cause-effect": {"precision": 0.0, "recall": 0.0, "f1-score": 0.0, "support": 86}, "compare": {"precision": 0.8, "recall": 0.14634146341463414, "f1-score": 0.24742268041237112, "support": 82}, "general-affiliation": {"precision": 0.7252525252525253, "recall": 0.8692493946731235, "f1-score": 0.7907488986784141, "support": 1239}, "named": {"precision": 0.6764705882352942, "recall": 0.7419354838709677, "f1-score": 0.7076923076923077, "support": 558}, "opposite": {"precision": 0.34285714285714286, "recall": 0.09375, "f1-score": 0.14723926380368096, "support": 128}, "origin": {"precision": 0.4981684981684982, "recall": 0.4473684210526316, "f1-score": 0.4714038128249567, "support": 304}, "part-of": {"precision": 0.4059097978227061, "recall": 0.361997226074896, "f1-score": 0.3826979472140763, "support": 721}, "physical": {"precision": 0.7634674922600619, "recall": 0.8474226804123711, "f1-score": 0.803257328990228, "support": 1455}, "role": {"precision": 0.6955708047411104, "recall": 0.5558325024925225, "f1-score": 0.6178996952064283, "support": 2006}, "social": {"precision": 0.6309523809523809, "recall": 0.5047619047619047, "f1-score": 0.5608465608465608, "support": 105}, "temporal": {"precision": 0.6569037656903766, "recall": 0.7696078431372549, "f1-score": 0.708803611738149, "support": 408}, "topic": {"precision": 0.7105263157894737, "recall": 0.1588235294117647, "f1-score": 0.25961538461538464, "support": 170}, "type-of": {"precision": 0.7052023121387283, "recall": 0.3630952380952381, "f1-score": 0.4793713163064832, "support": 336}, "usage": {"precision": 0.6385542168674698, "recall": 0.265, "f1-score": 0.3745583038869258, "support": 200}, "win-defeat": {"precision": 0.6829971181556196, "recall": 0.7476340694006309, "f1-score": 0.713855421686747, "support": 317}, "micro avg": {"precision": 0.6687817258883249, "recall": 0.6325840244434745, "f1-score": 0.6501794526693584, "support": 9164}, "macro avg": {"precision": 0.5911677116249843, "recall": 0.4790714492226922, "f1-score": 0.4973090009190959, "support": 9164}, "weighted avg": {"precision": 0.6558623157864302, "recall": 0.6325840244434745, "f1-score": 0.6304086018632817, "support": 9164}, "samples avg": {"precision": 0.6687817258883249, "recall": 0.6447085063836333, "f1-score": 0.6527072758037226, "support": 9164}}