{"related-to": {"precision": 0.0, "recall": 0.0, "f1-score": 0.0, "support": 26}, "artifact": {"precision": 0.8178807947019867, "recall": 0.9536679536679536, "f1-score": 0.8805704099821746, "support": 259}, "cause-effect": {"precision": 0.0, "recall": 0.0, "f1-score": 0.0, "support": 4}, "compare": {"precision": 0.0, "recall": 0.0, "f1-score": 0.0, "support": 5}, "general-affiliation": {"precision": 0.8445859872611465, "recall": 0.9182825484764543, "f1-score": 0.8798938287989384, "support": 722}, "named": {"precision": 0.0, "recall": 0.0, "f1-score": 0.0, "support": 83}, "opposite": {"precision": 0.0, "recall": 0.0, "f1-score": 0.0, "support": 6}, "origin": {"precision": 0.5, "recall": 0.21052631578947367, "f1-score": 0.2962962962962963, "support": 19}, "part-of": {"precision": 0.34439834024896265, "recall": 0.4715909090909091, "f1-score": 0.39808153477218233, "support": 176}, "physical": {"precision": 0.8736616702355461, "recall": 0.9784172661870504, "f1-score": 0.9230769230769231, "support": 417}, "role": {"precision": 0.7350157728706624, "recall": 0.6147757255936676, "f1-score": 0.6695402298850575, "support": 379}, "social": {"precision": 0.0, "recall": 0.0, "f1-score": 0.0, "support": 22}, "temporal": {"precision": 0.07142857142857142, "recall": 0.041666666666666664, "f1-score": 0.052631578947368425, "support": 24}, "topic": {"precision": 0.0, "recall": 0.0, "f1-score": 0.0, "support": 8}, "type-of": {"precision": 1.0, "recall": 0.11764705882352941, "f1-score": 0.21052631578947367, "support": 119}, "usage": {"precision": 1.0, "recall": 0.3269230769230769, "f1-score": 0.4927536231884058, "support": 52}, "win-defeat": {"precision": 0.45454545454545453, "recall": 0.8064516129032258, "f1-score": 0.5813953488372092, "support": 93}, "micro avg": {"precision": 0.7482847341337907, "recall": 0.7228666114333057, "f1-score": 0.7353560893383903, "support": 2414}, "macro avg": {"precision": 0.39067744654660763, "recall": 0.3199970078895299, "f1-score": 0.31675094644553115, "support": 2414}, "weighted avg": {"precision": 0.7247768118920449, "recall": 0.7228666114333057, "f1-score": 0.6974857620955286, "support": 2414}, "samples avg": {"precision": 0.7482847341337907, "recall": 0.7342767295597484, "f1-score": 0.7389222412807319, "support": 2414}}