{"related-to": {"precision": 0.0, "recall": 0.0, "f1-score": 0.0, "support": 76}, "artifact": {"precision": 0.0, "recall": 0.0, "f1-score": 0.0, "support": 2}, "cause-effect": {"precision": 0.0, "recall": 0.0, "f1-score": 0.0, "support": 0}, "compare": {"precision": 0.0, "recall": 0.0, "f1-score": 0.0, "support": 6}, "general-affiliation": {"precision": 0.17073170731707318, "recall": 0.45161290322580644, "f1-score": 0.24778761061946902, "support": 31}, "named": {"precision": 0.7631578947368421, "recall": 0.4461538461538462, "f1-score": 0.5631067961165048, "support": 130}, "opposite": {"precision": 0.07142857142857142, "recall": 0.018867924528301886, "f1-score": 0.029850746268656716, "support": 53}, "origin": {"precision": 0.0, "recall": 0.0, "f1-score": 0.0, "support": 55}, "part-of": {"precision": 0.21212121212121213, "recall": 0.05982905982905983, "f1-score": 0.09333333333333334, "support": 117}, "physical": {"precision": 0.6812339331619537, "recall": 0.6479217603911981, "f1-score": 0.6641604010025063, "support": 409}, "role": {"precision": 0.5591715976331361, "recall": 0.6790419161676646, "f1-score": 0.6133044889129259, "support": 835}, "social": {"precision": 0.0, "recall": 0.0, "f1-score": 0.0, "support": 21}, "temporal": {"precision": 0.9166666666666666, "recall": 0.6449511400651465, "f1-score": 0.75717017208413, "support": 307}, "topic": {"precision": 0.0, "recall": 0.0, "f1-score": 0.0, "support": 13}, "type-of": {"precision": 0.0, "recall": 0.0, "f1-score": 0.0, "support": 28}, "usage": {"precision": 0.0, "recall": 0.0, "f1-score": 0.0, "support": 0}, "win-defeat": {"precision": 0.0, "recall": 0.0, "f1-score": 0.0, "support": 41}, "micro avg": {"precision": 0.6062261059530312, "recall": 0.5225988700564972, "f1-score": 0.561314791403287, "support": 2124}, "macro avg": {"precision": 0.1985006813567915, "recall": 0.17343403237417784, "f1-score": 0.1746302087257368, "support": 2124}, "weighted avg": {"precision": 0.5461660709510778, "recall": 0.5225988700564972, "f1-score": 0.5224055951312306, "support": 2124}, "samples avg": {"precision": 0.6062261059530312, "recall": 0.5316766794101584, "f1-score": 0.5565264882577826, "support": 2124}}