{"related-to": {"precision": 0.5, "recall": 0.02631578947368421, "f1-score": 0.05, "support": 76}, "artifact": {"precision": 0.0, "recall": 0.0, "f1-score": 0.0, "support": 2}, "cause-effect": {"precision": 0.0, "recall": 0.0, "f1-score": 0.0, "support": 0}, "compare": {"precision": 0.0, "recall": 0.0, "f1-score": 0.0, "support": 6}, "general-affiliation": {"precision": 0.1346153846153846, "recall": 0.45161290322580644, "f1-score": 0.2074074074074074, "support": 31}, "named": {"precision": 0.4676258992805755, "recall": 0.5, "f1-score": 0.483271375464684, "support": 130}, "opposite": {"precision": 0.10256410256410256, "recall": 0.07547169811320754, "f1-score": 0.08695652173913043, "support": 53}, "origin": {"precision": 0.0, "recall": 0.0, "f1-score": 0.0, "support": 55}, "part-of": {"precision": 0.25, "recall": 0.042735042735042736, "f1-score": 0.072992700729927, "support": 117}, "physical": {"precision": 0.6593137254901961, "recall": 0.6577017114914425, "f1-score": 0.6585067319461445, "support": 409}, "role": {"precision": 0.5714285714285714, "recall": 0.5748502994011976, "f1-score": 0.573134328358209, "support": 835}, "social": {"precision": 0.5, "recall": 0.047619047619047616, "f1-score": 0.08695652173913042, "support": 21}, "temporal": {"precision": 0.9333333333333333, "recall": 0.8208469055374593, "f1-score": 0.8734835355285961, "support": 307}, "topic": {"precision": 0.0, "recall": 0.0, "f1-score": 0.0, "support": 13}, "type-of": {"precision": 0.0, "recall": 0.0, "f1-score": 0.0, "support": 28}, "usage": {"precision": 0.0, "recall": 0.0, "f1-score": 0.0, "support": 0}, "win-defeat": {"precision": 1.0, "recall": 0.04878048780487805, "f1-score": 0.09302325581395349, "support": 41}, "micro avg": {"precision": 0.5974877116329874, "recall": 0.5150659133709982, "f1-score": 0.5532237673830593, "support": 2124}, "macro avg": {"precision": 0.30111064804189197, "recall": 0.19093728737657448, "f1-score": 0.18739602227806956, "support": 2124}, "weighted avg": {"precision": 0.5755583076587241, "recall": 0.5150659133709982, "f1-score": 0.5216100063440982, "support": 2124}, "samples avg": {"precision": 0.5974877116329874, "recall": 0.5210267613326052, "f1-score": 0.5465137447660658, "support": 2124}}