{"related-to": {"precision": 0.3111111111111111, "recall": 0.6666666666666666, "f1-score": 0.42424242424242425, "support": 126}, "artifact": {"precision": 0.20689655172413793, "recall": 0.18181818181818182, "f1-score": 0.1935483870967742, "support": 33}, "cause-effect": {"precision": 0.0, "recall": 0.0, "f1-score": 0.0, "support": 76}, "compare": {"precision": 0.3793103448275862, "recall": 0.5641025641025641, "f1-score": 0.4536082474226804, "support": 39}, "general-affiliation": {"precision": 0.3269230769230769, "recall": 0.2328767123287671, "f1-score": 0.272, "support": 73}, "named": {"precision": 0.42657342657342656, "recall": 0.5648148148148148, "f1-score": 0.48605577689243024, "support": 108}, "opposite": {"precision": 0.0, "recall": 0.0, "f1-score": 0.0, "support": 5}, "origin": {"precision": 0.2, "recall": 0.2127659574468085, "f1-score": 0.2061855670103093, "support": 94}, "part-of": {"precision": 0.1348314606741573, "recall": 0.26666666666666666, "f1-score": 0.1791044776119403, "support": 90}, "physical": {"precision": 0.6756756756756757, "recall": 0.78125, "f1-score": 0.7246376811594203, "support": 224}, "role": {"precision": 0.39285714285714285, "recall": 0.3076923076923077, "f1-score": 0.3450980392156863, "support": 286}, "social": {"precision": 0.0, "recall": 0.0, "f1-score": 0.0, "support": 14}, "temporal": {"precision": 0.0, "recall": 0.0, "f1-score": 0.0, "support": 26}, "topic": {"precision": 0.0, "recall": 0.0, "f1-score": 0.0, "support": 66}, "type-of": {"precision": 0.5454545454545454, "recall": 0.10256410256410256, "f1-score": 0.17266187050359713, "support": 117}, "usage": {"precision": 0.0, "recall": 0.0, "f1-score": 0.0, "support": 24}, "win-defeat": {"precision": 0.8095238095238095, "recall": 0.7727272727272727, "f1-score": 0.7906976744186046, "support": 44}, "micro avg": {"precision": 0.3900862068965517, "recall": 0.37577854671280275, "f1-score": 0.3827987310539302, "support": 1445}, "macro avg": {"precision": 0.25936218502027464, "recall": 0.2737614851075384, "f1-score": 0.24987294973963922, "support": 1445}, "weighted avg": {"precision": 0.36320869165874387, "recall": 0.37577854671280275, "f1-score": 0.34698425632206614, "support": 1445}, "samples avg": {"precision": 0.3900862068965517, "recall": 0.37320402298850575, "f1-score": 0.378831417624521, "support": 1445}}