{"related-to": {"precision": 0.21428571428571427, "recall": 0.08333333333333333, "f1-score": 0.12, "support": 72}, "artifact": {"precision": 0.8074712643678161, "recall": 0.9366666666666666, "f1-score": 0.8672839506172839, "support": 300}, "cause-effect": {"precision": 0.0, "recall": 0.0, "f1-score": 0.0, "support": 1}, "compare": {"precision": 0.0, "recall": 0.0, "f1-score": 0.0, "support": 8}, "general-affiliation": {"precision": 0.7688172043010753, "recall": 0.8719512195121951, "f1-score": 0.8171428571428573, "support": 328}, "named": {"precision": 0.5, "recall": 0.5319148936170213, "f1-score": 0.5154639175257731, "support": 94}, "opposite": {"precision": 0.0, "recall": 0.0, "f1-score": 0.0, "support": 14}, "origin": {"precision": 0.5, "recall": 0.02127659574468085, "f1-score": 0.04081632653061224, "support": 47}, "part-of": {"precision": 0.25, "recall": 0.09375, "f1-score": 0.13636363636363635, "support": 96}, "physical": {"precision": 0.6333333333333333, "recall": 0.764367816091954, "f1-score": 0.6927083333333334, "support": 174}, "role": {"precision": 0.6413502109704642, "recall": 0.6007905138339921, "f1-score": 0.6204081632653061, "support": 253}, "social": {"precision": 0.3684210526315789, "recall": 0.44680851063829785, "f1-score": 0.40384615384615385, "support": 47}, "temporal": {"precision": 0.45, "recall": 0.6206896551724138, "f1-score": 0.5217391304347826, "support": 29}, "topic": {"precision": 0.08695652173913043, "recall": 0.047619047619047616, "f1-score": 0.061538461538461535, "support": 42}, "type-of": {"precision": 0.8888888888888888, "recall": 0.4444444444444444, "f1-score": 0.5925925925925926, "support": 18}, "usage": {"precision": 0.0, "recall": 0.0, "f1-score": 0.0, "support": 2}, "win-defeat": {"precision": 0.6771653543307087, "recall": 0.8865979381443299, "f1-score": 0.7678571428571428, "support": 97}, "micro avg": {"precision": 0.6622641509433962, "recall": 0.6491985203452528, "f1-score": 0.6556662515566625, "support": 1622}, "macro avg": {"precision": 0.39921703204992415, "recall": 0.3735418020481398, "f1-score": 0.36222121564987864, "support": 1622}, "weighted avg": {"precision": 0.6119029592367465, "recall": 0.6491985203452528, "f1-score": 0.6163070722818978, "support": 1622}, "samples avg": {"precision": 0.6622641509433962, "recall": 0.6555555555555557, "f1-score": 0.6577568134171908, "support": 1622}}