{"related-to": {"precision": 0.2857142857142857, "recall": 0.02631578947368421, "f1-score": 0.04819277108433735, "support": 76}, "artifact": {"precision": 0.0, "recall": 0.0, "f1-score": 0.0, "support": 2}, "cause-effect": {"precision": 0.0, "recall": 0.0, "f1-score": 0.0, "support": 0}, "compare": {"precision": 0.0, "recall": 0.0, "f1-score": 0.0, "support": 6}, "general-affiliation": {"precision": 0.19642857142857142, "recall": 0.7096774193548387, "f1-score": 0.3076923076923077, "support": 31}, "named": {"precision": 0.4011299435028249, "recall": 0.5461538461538461, "f1-score": 0.46254071661237783, "support": 130}, "opposite": {"precision": 0.037037037037037035, "recall": 0.018867924528301886, "f1-score": 0.025, "support": 53}, "origin": {"precision": 0.0, "recall": 0.0, "f1-score": 0.0, "support": 55}, "part-of": {"precision": 0.14634146341463414, "recall": 0.05128205128205128, "f1-score": 0.07594936708860758, "support": 117}, "physical": {"precision": 0.5913757700205339, "recall": 0.7041564792176039, "f1-score": 0.6428571428571429, "support": 409}, "role": {"precision": 0.6050775740479548, "recall": 0.5137724550898204, "f1-score": 0.555699481865285, "support": 835}, "social": {"precision": 0.0, "recall": 0.0, "f1-score": 0.0, "support": 21}, "temporal": {"precision": 0.8888888888888888, "recall": 0.7817589576547231, "f1-score": 0.831889081455806, "support": 307}, "topic": {"precision": 0.0, "recall": 0.0, "f1-score": 0.0, "support": 13}, "type-of": {"precision": 0.0, "recall": 0.0, "f1-score": 0.0, "support": 28}, "usage": {"precision": 0.0, "recall": 0.0, "f1-score": 0.0, "support": 0}, "win-defeat": {"precision": 0.0, "recall": 0.0, "f1-score": 0.0, "support": 41}, "micro avg": {"precision": 0.5783724740578918, "recall": 0.4985875706214689, "f1-score": 0.5355246523388115, "support": 2124}, "macro avg": {"precision": 0.1854113843561606, "recall": 0.19717558369146293, "f1-score": 0.17351887462681556, "support": 2124}, "weighted avg": {"precision": 0.5268534517060938, "recall": 0.4985875706214689, "f1-score": 0.5018220659335518, "support": 2124}, "samples avg": {"precision": 0.5783724740578918, "recall": 0.5040961223375204, "f1-score": 0.5288549062443109, "support": 2124}}