{"related-to": {"precision": 0.0, "recall": 0.0, "f1-score": 0.0, "support": 26}, "artifact": {"precision": 0.8419243986254296, "recall": 0.9459459459459459, "f1-score": 0.8909090909090909, "support": 259}, "cause-effect": {"precision": 0.0, "recall": 0.0, "f1-score": 0.0, "support": 4}, "compare": {"precision": 0.0, "recall": 0.0, "f1-score": 0.0, "support": 5}, "general-affiliation": {"precision": 0.8558441558441559, "recall": 0.9127423822714681, "f1-score": 0.8833780160857908, "support": 722}, "named": {"precision": 0.0, "recall": 0.0, "f1-score": 0.0, "support": 83}, "opposite": {"precision": 0.0, "recall": 0.0, "f1-score": 0.0, "support": 6}, "origin": {"precision": 0.21052631578947367, "recall": 0.21052631578947367, "f1-score": 0.21052631578947367, "support": 19}, "part-of": {"precision": 0.3161290322580645, "recall": 0.5568181818181818, "f1-score": 0.40329218106995884, "support": 176}, "physical": {"precision": 0.8696581196581197, "recall": 0.9760191846522782, "f1-score": 0.919774011299435, "support": 417}, "role": {"precision": 0.6970802919708029, "recall": 0.503957783641161, "f1-score": 0.5849923430321593, "support": 379}, "social": {"precision": 0.0, "recall": 0.0, "f1-score": 0.0, "support": 22}, "temporal": {"precision": 0.12244897959183673, "recall": 0.25, "f1-score": 0.1643835616438356, "support": 24}, "topic": {"precision": 0.0, "recall": 0.0, "f1-score": 0.0, "support": 8}, "type-of": {"precision": 1.0, "recall": 0.3697478991596639, "f1-score": 0.5398773006134969, "support": 119}, "usage": {"precision": 1.0, "recall": 0.3269230769230769, "f1-score": 0.4927536231884058, "support": 52}, "win-defeat": {"precision": 0.7444444444444445, "recall": 0.7204301075268817, "f1-score": 0.7322404371584699, "support": 93}, "micro avg": {"precision": 0.7452830188679245, "recall": 0.71996685998343, "f1-score": 0.7324062368310157, "support": 2414}, "macro avg": {"precision": 0.3916503375401369, "recall": 0.3395947575134195, "f1-score": 0.34247805181118335, "support": 2414}, "weighted avg": {"precision": 0.731412421225681, "recall": 0.71996685998343, "f1-score": 0.7086552692886304, "support": 2414}, "samples avg": {"precision": 0.7452830188679245, "recall": 0.7306317895940537, "f1-score": 0.7354917095483133, "support": 2414}}