{"related-to": {"precision": 0.33183856502242154, "recall": 0.5873015873015873, "f1-score": 0.4240687679083095, "support": 126}, "artifact": {"precision": 0.42857142857142855, "recall": 0.2727272727272727, "f1-score": 0.33333333333333326, "support": 33}, "cause-effect": {"precision": 0.0, "recall": 0.0, "f1-score": 0.0, "support": 76}, "compare": {"precision": 0.3953488372093023, "recall": 0.4358974358974359, "f1-score": 0.41463414634146334, "support": 39}, "general-affiliation": {"precision": 0.38095238095238093, "recall": 0.2191780821917808, "f1-score": 0.2782608695652174, "support": 73}, "named": {"precision": 0.41975308641975306, "recall": 0.6296296296296297, "f1-score": 0.5037037037037038, "support": 108}, "opposite": {"precision": 0.0, "recall": 0.0, "f1-score": 0.0, "support": 5}, "origin": {"precision": 0.29411764705882354, "recall": 0.26595744680851063, "f1-score": 0.27932960893854747, "support": 94}, "part-of": {"precision": 0.12376237623762376, "recall": 0.2777777777777778, "f1-score": 0.17123287671232879, "support": 90}, "physical": {"precision": 0.5821428571428572, "recall": 0.7276785714285714, "f1-score": 0.6468253968253969, "support": 224}, "role": {"precision": 0.41843971631205673, "recall": 0.4125874125874126, "f1-score": 0.4154929577464789, "support": 286}, "social": {"precision": 0.0, "recall": 0.0, "f1-score": 0.0, "support": 14}, "temporal": {"precision": 0.0, "recall": 0.0, "f1-score": 0.0, "support": 26}, "topic": {"precision": 0.0, "recall": 0.0, "f1-score": 0.0, "support": 66}, "type-of": {"precision": 0.9166666666666666, "recall": 0.09401709401709402, "f1-score": 0.17054263565891473, "support": 117}, "usage": {"precision": 0.0, "recall": 0.0, "f1-score": 0.0, "support": 24}, "win-defeat": {"precision": 0.8, "recall": 0.7272727272727273, "f1-score": 0.761904761904762, "support": 44}, "micro avg": {"precision": 0.40086206896551724, "recall": 0.386159169550173, "f1-score": 0.3933732816355305, "support": 1445}, "macro avg": {"precision": 0.2995055036231361, "recall": 0.27353088456704705, "f1-score": 0.2587840622728504, "support": 1445}, "weighted avg": {"precision": 0.3984950932040595, "recall": 0.386159169550173, "f1-score": 0.3558349860115172, "support": 1445}, "samples avg": {"precision": 0.40086206896551724, "recall": 0.38254310344827586, "f1-score": 0.3886494252873563, "support": 1445}}