{"related-to": {"precision": 0.045454545454545456, "recall": 0.013888888888888888, "f1-score": 0.02127659574468085, "support": 72}, "artifact": {"precision": 0.7333333333333333, "recall": 0.9533333333333334, "f1-score": 0.8289855072463769, "support": 300}, "cause-effect": {"precision": 0.0, "recall": 0.0, "f1-score": 0.0, "support": 1}, "compare": {"precision": 0.0, "recall": 0.0, "f1-score": 0.0, "support": 8}, "general-affiliation": {"precision": 0.8209876543209876, "recall": 0.8109756097560976, "f1-score": 0.8159509202453987, "support": 328}, "named": {"precision": 0.44166666666666665, "recall": 0.5638297872340425, "f1-score": 0.4953271028037383, "support": 94}, "opposite": {"precision": 0.0, "recall": 0.0, "f1-score": 0.0, "support": 14}, "origin": {"precision": 0.0, "recall": 0.0, "f1-score": 0.0, "support": 47}, "part-of": {"precision": 0.15789473684210525, "recall": 0.03125, "f1-score": 0.05217391304347826, "support": 96}, "physical": {"precision": 0.6666666666666666, "recall": 0.8045977011494253, "f1-score": 0.7291666666666666, "support": 174}, "role": {"precision": 0.5692883895131086, "recall": 0.6007905138339921, "f1-score": 0.5846153846153845, "support": 253}, "social": {"precision": 0.5476190476190477, "recall": 0.48936170212765956, "f1-score": 0.5168539325842697, "support": 47}, "temporal": {"precision": 0.5, "recall": 0.8620689655172413, "f1-score": 0.6329113924050632, "support": 29}, "topic": {"precision": 0.36363636363636365, "recall": 0.09523809523809523, "f1-score": 0.1509433962264151, "support": 42}, "type-of": {"precision": 0.8333333333333334, "recall": 0.5555555555555556, "f1-score": 0.6666666666666667, "support": 18}, "usage": {"precision": 0.0, "recall": 0.0, "f1-score": 0.0, "support": 2}, "win-defeat": {"precision": 0.7327586206896551, "recall": 0.8762886597938144, "f1-score": 0.7981220657276994, "support": 97}, "micro avg": {"precision": 0.6591194968553459, "recall": 0.6461159062885327, "f1-score": 0.6525529265255292, "support": 1622}, "macro avg": {"precision": 0.37721407988681255, "recall": 0.3915987536722439, "f1-score": 0.3701760908221082, "support": 1622}, "weighted avg": {"precision": 0.5862204750666187, "recall": 0.6461159062885327, "f1-score": 0.6058049523796191, "support": 1622}, "samples avg": {"precision": 0.6591194968553459, "recall": 0.6517819706498953, "f1-score": 0.6541928721174003, "support": 1622}}