{"related-to": {"precision": 0.3278008298755187, "recall": 0.626984126984127, "f1-score": 0.43051771117166215, "support": 126}, "artifact": {"precision": 0.2222222222222222, "recall": 0.30303030303030304, "f1-score": 0.2564102564102564, "support": 33}, "cause-effect": {"precision": 0.0, "recall": 0.0, "f1-score": 0.0, "support": 76}, "compare": {"precision": 0.6923076923076923, "recall": 0.23076923076923078, "f1-score": 0.34615384615384615, "support": 39}, "general-affiliation": {"precision": 0.49056603773584906, "recall": 0.3561643835616438, "f1-score": 0.4126984126984127, "support": 73}, "named": {"precision": 0.4161073825503356, "recall": 0.5740740740740741, "f1-score": 0.48249027237354086, "support": 108}, "opposite": {"precision": 0.0, "recall": 0.0, "f1-score": 0.0, "support": 5}, "origin": {"precision": 0.31451612903225806, "recall": 0.4148936170212766, "f1-score": 0.35779816513761464, "support": 94}, "part-of": {"precision": 0.13013698630136986, "recall": 0.2111111111111111, "f1-score": 0.16101694915254236, "support": 90}, "physical": {"precision": 0.6642857142857143, "recall": 0.8303571428571429, "f1-score": 0.7380952380952381, "support": 224}, "role": {"precision": 0.4261744966442953, "recall": 0.44405594405594406, "f1-score": 0.4349315068493151, "support": 286}, "social": {"precision": 0.0, "recall": 0.0, "f1-score": 0.0, "support": 14}, "temporal": {"precision": 0.0, "recall": 0.0, "f1-score": 0.0, "support": 26}, "topic": {"precision": 0.0, "recall": 0.0, "f1-score": 0.0, "support": 66}, "type-of": {"precision": 0.8, "recall": 0.03418803418803419, "f1-score": 0.06557377049180328, "support": 117}, "usage": {"precision": 0.0, "recall": 0.0, "f1-score": 0.0, "support": 24}, "win-defeat": {"precision": 0.6842105263157895, "recall": 0.5909090909090909, "f1-score": 0.6341463414634148, "support": 44}, "micro avg": {"precision": 0.42169540229885055, "recall": 0.40622837370242215, "f1-score": 0.41381741275995765, "support": 1445}, "macro avg": {"precision": 0.3040192951335909, "recall": 0.27156100344482226, "f1-score": 0.25410779235280273, "support": 1445}, "weighted avg": {"precision": 0.4097267612886648, "recall": 0.40622837370242215, "f1-score": 0.36807305953171465, "support": 1445}, "samples avg": {"precision": 0.42169540229885055, "recall": 0.40373563218390807, "f1-score": 0.40972222222222215, "support": 1445}}