{"related-to": {"precision": 1.0, "recall": 0.038461538461538464, "f1-score": 0.07407407407407407, "support": 26}, "artifact": {"precision": 0.8122977346278317, "recall": 0.9691119691119691, "f1-score": 0.8838028169014085, "support": 259}, "cause-effect": {"precision": 0.0, "recall": 0.0, "f1-score": 0.0, "support": 4}, "compare": {"precision": 0.0, "recall": 0.0, "f1-score": 0.0, "support": 5}, "general-affiliation": {"precision": 0.8052568697729988, "recall": 0.9335180055401662, "f1-score": 0.8646568313021168, "support": 722}, "named": {"precision": 0.0, "recall": 0.0, "f1-score": 0.0, "support": 83}, "opposite": {"precision": 0.0, "recall": 0.0, "f1-score": 0.0, "support": 6}, "origin": {"precision": 0.23809523809523808, "recall": 0.2631578947368421, "f1-score": 0.25, "support": 19}, "part-of": {"precision": 0.4527027027027027, "recall": 0.3806818181818182, "f1-score": 0.41358024691358025, "support": 176}, "physical": {"precision": 0.8812095032397408, "recall": 0.9784172661870504, "f1-score": 0.9272727272727272, "support": 417}, "role": {"precision": 0.720108695652174, "recall": 0.6992084432717678, "f1-score": 0.7095046854082999, "support": 379}, "social": {"precision": 0.0, "recall": 0.0, "f1-score": 0.0, "support": 22}, "temporal": {"precision": 0.32, "recall": 0.3333333333333333, "f1-score": 0.32653061224489793, "support": 24}, "topic": {"precision": 0.0, "recall": 0.0, "f1-score": 0.0, "support": 8}, "type-of": {"precision": 0.9726027397260274, "recall": 0.5966386554621849, "f1-score": 0.7395833333333334, "support": 119}, "usage": {"precision": 1.0, "recall": 0.3076923076923077, "f1-score": 0.47058823529411764, "support": 52}, "win-defeat": {"precision": 0.8028169014084507, "recall": 0.6129032258064516, "f1-score": 0.6951219512195121, "support": 93}, "micro avg": {"precision": 0.7817324185248714, "recall": 0.7551781275890638, "f1-score": 0.7682258744205648, "support": 2414}, "macro avg": {"precision": 0.4708876697191272, "recall": 0.3595955563403194, "f1-score": 0.3738067949390628, "support": 2414}, "weighted avg": {"precision": 0.7425216714191085, "recall": 0.7551781275890638, "f1-score": 0.7345452755849358, "support": 2414}, "samples avg": {"precision": 0.7817324185248714, "recall": 0.7671526586620926, "f1-score": 0.77194110920526, "support": 2414}}