{"related-to": {"precision": 0.0, "recall": 0.0, "f1-score": 0.0, "support": 76}, "artifact": {"precision": 0.0, "recall": 0.0, "f1-score": 0.0, "support": 2}, "cause-effect": {"precision": 0.0, "recall": 0.0, "f1-score": 0.0, "support": 0}, "compare": {"precision": 0.0, "recall": 0.0, "f1-score": 0.0, "support": 6}, "general-affiliation": {"precision": 0.20224719101123595, "recall": 0.5806451612903226, "f1-score": 0.30000000000000004, "support": 31}, "named": {"precision": 0.5307692307692308, "recall": 0.5307692307692308, "f1-score": 0.5307692307692308, "support": 130}, "opposite": {"precision": 0.0, "recall": 0.0, "f1-score": 0.0, "support": 53}, "origin": {"precision": 0.0, "recall": 0.0, "f1-score": 0.0, "support": 55}, "part-of": {"precision": 0.0, "recall": 0.0, "f1-score": 0.0, "support": 117}, "physical": {"precision": 0.5751533742331288, "recall": 0.9168704156479217, "f1-score": 0.7068803016022621, "support": 409}, "role": {"precision": 0.6448362720403022, "recall": 0.6131736526946108, "f1-score": 0.6286065070595458, "support": 835}, "social": {"precision": 0.0, "recall": 0.0, "f1-score": 0.0, "support": 21}, "temporal": {"precision": 0.9216867469879518, "recall": 0.498371335504886, "f1-score": 0.6469344608879493, "support": 307}, "topic": {"precision": 0.0, "recall": 0.0, "f1-score": 0.0, "support": 13}, "type-of": {"precision": 0.0, "recall": 0.0, "f1-score": 0.0, "support": 28}, "usage": {"precision": 0.0, "recall": 0.0, "f1-score": 0.0, "support": 0}, "win-defeat": {"precision": 0.0, "recall": 0.0, "f1-score": 0.0, "support": 41}, "micro avg": {"precision": 0.6155106499180776, "recall": 0.53060263653484, "f1-score": 0.5699115044247788, "support": 2124}, "macro avg": {"precision": 0.16909957735540293, "recall": 0.18469587034746895, "f1-score": 0.16548179413641104, "support": 2124}, "weighted avg": {"precision": 0.5329112577503068, "recall": 0.53060263653484, "f1-score": 0.5136108080238447, "support": 2124}, "samples avg": {"precision": 0.6155106499180776, "recall": 0.5415073730202076, "f1-score": 0.5661751319861642, "support": 2124}}