{"related-to": {"precision": 0.27314814814814814, "recall": 0.46825396825396826, "f1-score": 0.34502923976608185, "support": 126}, "artifact": {"precision": 0.07692307692307693, "recall": 0.030303030303030304, "f1-score": 0.043478260869565216, "support": 33}, "cause-effect": {"precision": 0.0, "recall": 0.0, "f1-score": 0.0, "support": 76}, "compare": {"precision": 0.8, "recall": 0.3076923076923077, "f1-score": 0.4444444444444444, "support": 39}, "general-affiliation": {"precision": 0.40540540540540543, "recall": 0.2054794520547945, "f1-score": 0.2727272727272727, "support": 73}, "named": {"precision": 0.5092592592592593, "recall": 0.5092592592592593, "f1-score": 0.5092592592592593, "support": 108}, "opposite": {"precision": 0.0, "recall": 0.0, "f1-score": 0.0, "support": 5}, "origin": {"precision": 0.19047619047619047, "recall": 0.2127659574468085, "f1-score": 0.20100502512562815, "support": 94}, "part-of": {"precision": 0.09340659340659341, "recall": 0.18888888888888888, "f1-score": 0.125, "support": 90}, "physical": {"precision": 0.5623100303951368, "recall": 0.8258928571428571, "f1-score": 0.6690777576853526, "support": 224}, "role": {"precision": 0.375, "recall": 0.4090909090909091, "f1-score": 0.3913043478260869, "support": 286}, "social": {"precision": 0.0, "recall": 0.0, "f1-score": 0.0, "support": 14}, "temporal": {"precision": 0.0, "recall": 0.0, "f1-score": 0.0, "support": 26}, "topic": {"precision": 0.0, "recall": 0.0, "f1-score": 0.0, "support": 66}, "type-of": {"precision": 0.43333333333333335, "recall": 0.1111111111111111, "f1-score": 0.1768707482993197, "support": 117}, "usage": {"precision": 0.0, "recall": 0.0, "f1-score": 0.0, "support": 24}, "win-defeat": {"precision": 0.6, "recall": 0.5454545454545454, "f1-score": 0.5714285714285713, "support": 44}, "micro avg": {"precision": 0.37212643678160917, "recall": 0.35847750865051903, "f1-score": 0.3651744800845964, "support": 1445}, "macro avg": {"precision": 0.2540742374910085, "recall": 0.22436425215873412, "f1-score": 0.22056617220185776, "support": 1445}, "weighted avg": {"precision": 0.3386633390446981, "recall": 0.35847750865051903, "f1-score": 0.3286633628492129, "support": 1445}, "samples avg": {"precision": 0.37212643678160917, "recall": 0.35344827586206895, "f1-score": 0.3596743295019157, "support": 1445}}