{"related-to": {"precision": 0.14285714285714285, "recall": 0.013888888888888888, "f1-score": 0.02531645569620253, "support": 72}, "artifact": {"precision": 0.7927170868347339, "recall": 0.9433333333333334, "f1-score": 0.8614916286149163, "support": 300}, "cause-effect": {"precision": 0.0, "recall": 0.0, "f1-score": 0.0, "support": 1}, "compare": {"precision": 0.0, "recall": 0.0, "f1-score": 0.0, "support": 8}, "general-affiliation": {"precision": 0.8125, "recall": 0.8719512195121951, "f1-score": 0.8411764705882353, "support": 328}, "named": {"precision": 0.3732394366197183, "recall": 0.5638297872340425, "f1-score": 0.4491525423728814, "support": 94}, "opposite": {"precision": 0.0, "recall": 0.0, "f1-score": 0.0, "support": 14}, "origin": {"precision": 0.0, "recall": 0.0, "f1-score": 0.0, "support": 47}, "part-of": {"precision": 0.23809523809523808, "recall": 0.052083333333333336, "f1-score": 0.08547008547008547, "support": 96}, "physical": {"precision": 0.7333333333333333, "recall": 0.8218390804597702, "f1-score": 0.7750677506775068, "support": 174}, "role": {"precision": 0.620817843866171, "recall": 0.6600790513833992, "f1-score": 0.639846743295019, "support": 253}, "social": {"precision": 0.40425531914893614, "recall": 0.40425531914893614, "f1-score": 0.40425531914893614, "support": 47}, "temporal": {"precision": 0.5, "recall": 0.7241379310344828, "f1-score": 0.591549295774648, "support": 29}, "topic": {"precision": 0.16666666666666666, "recall": 0.07142857142857142, "f1-score": 0.1, "support": 42}, "type-of": {"precision": 1.0, "recall": 0.4444444444444444, "f1-score": 0.6153846153846153, "support": 18}, "usage": {"precision": 0.0, "recall": 0.0, "f1-score": 0.0, "support": 2}, "win-defeat": {"precision": 0.6846153846153846, "recall": 0.9175257731958762, "f1-score": 0.7841409691629956, "support": 97}, "micro avg": {"precision": 0.6779874213836478, "recall": 0.6646115906288532, "f1-score": 0.6712328767123287, "support": 1622}, "macro avg": {"precision": 0.38053514423748974, "recall": 0.3816939254939573, "f1-score": 0.3631089338932966, "support": 1622}, "weighted avg": {"precision": 0.6054975937369694, "recall": 0.6646115906288532, "f1-score": 0.6232047868498435, "support": 1622}, "samples avg": {"precision": 0.6779874213836478, "recall": 0.669077568134172, "f1-score": 0.6720125786163522, "support": 1622}}