{"related-to": {"precision": 0.19230769230769232, "recall": 0.06944444444444445, "f1-score": 0.10204081632653061, "support": 72}, "artifact": {"precision": 0.7994186046511628, "recall": 0.9166666666666666, "f1-score": 0.8540372670807452, "support": 300}, "cause-effect": {"precision": 0.0, "recall": 0.0, "f1-score": 0.0, "support": 1}, "compare": {"precision": 0.0, "recall": 0.0, "f1-score": 0.0, "support": 8}, "general-affiliation": {"precision": 0.8210227272727273, "recall": 0.8810975609756098, "f1-score": 0.85, "support": 328}, "named": {"precision": 0.3466666666666667, "recall": 0.5531914893617021, "f1-score": 0.4262295081967213, "support": 94}, "opposite": {"precision": 0.0, "recall": 0.0, "f1-score": 0.0, "support": 14}, "origin": {"precision": 0.6666666666666666, "recall": 0.0425531914893617, "f1-score": 0.08, "support": 47}, "part-of": {"precision": 0.2608695652173913, "recall": 0.125, "f1-score": 0.16901408450704225, "support": 96}, "physical": {"precision": 0.7247191011235955, "recall": 0.7413793103448276, "f1-score": 0.7329545454545455, "support": 174}, "role": {"precision": 0.5730337078651685, "recall": 0.6047430830039525, "f1-score": 0.5884615384615384, "support": 253}, "social": {"precision": 0.3902439024390244, "recall": 0.3404255319148936, "f1-score": 0.36363636363636365, "support": 47}, "temporal": {"precision": 0.4444444444444444, "recall": 0.6896551724137931, "f1-score": 0.5405405405405405, "support": 29}, "topic": {"precision": 0.14814814814814814, "recall": 0.09523809523809523, "f1-score": 0.11594202898550725, "support": 42}, "type-of": {"precision": 1.0, "recall": 0.5, "f1-score": 0.6666666666666666, "support": 18}, "usage": {"precision": 0.0, "recall": 0.0, "f1-score": 0.0, "support": 2}, "win-defeat": {"precision": 0.68, "recall": 0.7010309278350515, "f1-score": 0.6903553299492386, "support": 97}, "micro avg": {"precision": 0.650314465408805, "recall": 0.6374845869297164, "f1-score": 0.6438356164383562, "support": 1622}, "macro avg": {"precision": 0.4145612486354522, "recall": 0.36826032198167047, "f1-score": 0.3635222758709083, "support": 1622}, "weighted avg": {"precision": 0.619249010024023, "recall": 0.6374845869297164, "f1-score": 0.6137019247298483, "support": 1622}, "samples avg": {"precision": 0.650314465408805, "recall": 0.6430817610062893, "f1-score": 0.6454926624737946, "support": 1622}}