{"related-to": {"precision": 0.0, "recall": 0.0, "f1-score": 0.0, "support": 26}, "artifact": {"precision": 0.7425149700598802, "recall": 0.9575289575289575, "f1-score": 0.836424957841484, "support": 259}, "cause-effect": {"precision": 0.0, "recall": 0.0, "f1-score": 0.0, "support": 4}, "compare": {"precision": 0.0, "recall": 0.0, "f1-score": 0.0, "support": 5}, "general-affiliation": {"precision": 0.8746478873239436, "recall": 0.8601108033240997, "f1-score": 0.8673184357541899, "support": 722}, "named": {"precision": 0.0, "recall": 0.0, "f1-score": 0.0, "support": 83}, "opposite": {"precision": 0.0, "recall": 0.0, "f1-score": 0.0, "support": 6}, "origin": {"precision": 0.14285714285714285, "recall": 0.15789473684210525, "f1-score": 0.15, "support": 19}, "part-of": {"precision": 0.30597014925373134, "recall": 0.4659090909090909, "f1-score": 0.36936936936936937, "support": 176}, "physical": {"precision": 0.8523908523908524, "recall": 0.9832134292565947, "f1-score": 0.9131403118040089, "support": 417}, "role": {"precision": 0.8268398268398268, "recall": 0.503957783641161, "f1-score": 0.6262295081967213, "support": 379}, "social": {"precision": 0.0, "recall": 0.0, "f1-score": 0.0, "support": 22}, "temporal": {"precision": 0.13636363636363635, "recall": 0.375, "f1-score": 0.19999999999999998, "support": 24}, "topic": {"precision": 0.0, "recall": 0.0, "f1-score": 0.0, "support": 8}, "type-of": {"precision": 0.9305555555555556, "recall": 0.5630252100840336, "f1-score": 0.7015706806282723, "support": 119}, "usage": {"precision": 1.0, "recall": 0.4423076923076923, "f1-score": 0.6133333333333333, "support": 52}, "win-defeat": {"precision": 0.680327868852459, "recall": 0.8924731182795699, "f1-score": 0.7720930232558139, "support": 93}, "micro avg": {"precision": 0.7448542024013722, "recall": 0.7195526097763049, "f1-score": 0.7319848293299622, "support": 2414}, "macro avg": {"precision": 0.38190987585276637, "recall": 0.36478946012784147, "f1-score": 0.3558517423637172, "support": 2414}, "weighted avg": {"precision": 0.7367318947318705, "recall": 0.7195526097763049, "f1-score": 0.7128427393637928, "support": 2414}, "samples avg": {"precision": 0.7448542024013722, "recall": 0.7308461978273298, "f1-score": 0.7354917095483133, "support": 2414}}