{"related-to": {"precision": 0.0, "recall": 0.0, "f1-score": 0.0, "support": 76}, "artifact": {"precision": 0.0, "recall": 0.0, "f1-score": 0.0, "support": 2}, "cause-effect": {"precision": 0.0, "recall": 0.0, "f1-score": 0.0, "support": 0}, "compare": {"precision": 0.0, "recall": 0.0, "f1-score": 0.0, "support": 6}, "general-affiliation": {"precision": 0.18248175182481752, "recall": 0.8064516129032258, "f1-score": 0.2976190476190476, "support": 31}, "named": {"precision": 0.46551724137931033, "recall": 0.6230769230769231, "f1-score": 0.5328947368421053, "support": 130}, "opposite": {"precision": 0.0, "recall": 0.0, "f1-score": 0.0, "support": 53}, "origin": {"precision": 0.0, "recall": 0.0, "f1-score": 0.0, "support": 55}, "part-of": {"precision": 0.2222222222222222, "recall": 0.03418803418803419, "f1-score": 0.05925925925925927, "support": 117}, "physical": {"precision": 0.6666666666666666, "recall": 0.8312958435207825, "f1-score": 0.7399347116430903, "support": 409}, "role": {"precision": 0.6513761467889908, "recall": 0.5101796407185629, "f1-score": 0.5721961047683009, "support": 835}, "social": {"precision": 0.0, "recall": 0.0, "f1-score": 0.0, "support": 21}, "temporal": {"precision": 0.8851351351351351, "recall": 0.8534201954397395, "f1-score": 0.8689883913764511, "support": 307}, "topic": {"precision": 0.0, "recall": 0.0, "f1-score": 0.0, "support": 13}, "type-of": {"precision": 0.0, "recall": 0.0, "f1-score": 0.0, "support": 28}, "usage": {"precision": 0.0, "recall": 0.0, "f1-score": 0.0, "support": 0}, "win-defeat": {"precision": 0.8333333333333334, "recall": 0.12195121951219512, "f1-score": 0.21276595744680848, "support": 41}, "micro avg": {"precision": 0.6242490442381212, "recall": 0.538135593220339, "f1-score": 0.5780025284450063, "support": 2124}, "macro avg": {"precision": 0.22980779396179268, "recall": 0.2223860864329096, "f1-score": 0.19315636523265078, "support": 2124}, "weighted avg": {"precision": 0.5718658559672819, "recall": 0.538135593220339, "f1-score": 0.5373614522365547, "support": 2124}, "samples avg": {"precision": 0.6242490442381212, "recall": 0.5466957946477334, "f1-score": 0.5725468778445294, "support": 2124}}