{"related-to": {"precision": 0.0, "recall": 0.0, "f1-score": 0.0, "support": 6}, "artifact": {"precision": 0.0, "recall": 0.0, "f1-score": 0.0, "support": 0}, "cause-effect": {"precision": 0.0, "recall": 0.0, "f1-score": 0.0, "support": 0}, "compare": {"precision": 0.0, "recall": 0.0, "f1-score": 0.0, "support": 0}, "general-affiliation": {"precision": 0.0, "recall": 0.0, "f1-score": 0.0, "support": 10}, "named": {"precision": 0.6666666666666666, "recall": 1.0, "f1-score": 0.8, "support": 4}, "opposite": {"precision": 0.24, "recall": 0.15384615384615385, "f1-score": 0.18750000000000003, "support": 39}, "origin": {"precision": 0.0, "recall": 0.0, "f1-score": 0.0, "support": 0}, "part-of": {"precision": 0.0, "recall": 0.0, "f1-score": 0.0, "support": 28}, "physical": {"precision": 0.7666666666666667, "recall": 0.35658914728682173, "f1-score": 0.4867724867724868, "support": 129}, "role": {"precision": 0.4524590163934426, "recall": 0.9583333333333334, "f1-score": 0.6146993318485523, "support": 144}, "social": {"precision": 0.0, "recall": 0.0, "f1-score": 0.0, "support": 0}, "temporal": {"precision": 0.0, "recall": 0.0, "f1-score": 0.0, "support": 1}, "topic": {"precision": 0.0, "recall": 0.0, "f1-score": 0.0, "support": 0}, "type-of": {"precision": 0.0, "recall": 0.0, "f1-score": 0.0, "support": 0}, "usage": {"precision": 0.0, "recall": 0.0, "f1-score": 0.0, "support": 0}, "win-defeat": {"precision": 0.0, "recall": 0.0, "f1-score": 0.0, "support": 35}, "micro avg": {"precision": 0.4898989898989899, "recall": 0.4898989898989899, "f1-score": 0.4898989898989899, "support": 396}, "macro avg": {"precision": 0.1250466088074574, "recall": 0.14522168438037109, "f1-score": 0.12288069521300231, "support": 396}, "weighted avg": {"precision": 0.4446483965336425, "recall": 0.4898989898989899, "f1-score": 0.408643572171319, "support": 396}, "samples avg": {"precision": 0.4898989898989899, "recall": 0.4898989898989899, "f1-score": 0.4898989898989899, "support": 396}}