{"related-to": {"precision": 0.0, "recall": 0.0, "f1-score": 0.0, "support": 6}, "artifact": {"precision": 0.0, "recall": 0.0, "f1-score": 0.0, "support": 0}, "cause-effect": {"precision": 0.0, "recall": 0.0, "f1-score": 0.0, "support": 0}, "compare": {"precision": 0.0, "recall": 0.0, "f1-score": 0.0, "support": 0}, "general-affiliation": {"precision": 0.0, "recall": 0.0, "f1-score": 0.0, "support": 10}, "named": {"precision": 0.2857142857142857, "recall": 1.0, "f1-score": 0.4444444444444445, "support": 4}, "opposite": {"precision": 0.09523809523809523, "recall": 0.05128205128205128, "f1-score": 0.06666666666666667, "support": 39}, "origin": {"precision": 0.0, "recall": 0.0, "f1-score": 0.0, "support": 0}, "part-of": {"precision": 0.0, "recall": 0.0, "f1-score": 0.0, "support": 28}, "physical": {"precision": 0.7659574468085106, "recall": 0.27906976744186046, "f1-score": 0.40909090909090906, "support": 129}, "role": {"precision": 0.4417808219178082, "recall": 0.8958333333333334, "f1-score": 0.591743119266055, "support": 144}, "social": {"precision": 0.0, "recall": 0.0, "f1-score": 0.0, "support": 0}, "temporal": {"precision": 0.0, "recall": 0.0, "f1-score": 0.0, "support": 1}, "topic": {"precision": 0.0, "recall": 0.0, "f1-score": 0.0, "support": 0}, "type-of": {"precision": 0.0, "recall": 0.0, "f1-score": 0.0, "support": 0}, "usage": {"precision": 0.0, "recall": 0.0, "f1-score": 0.0, "support": 0}, "win-defeat": {"precision": 0.0, "recall": 0.0, "f1-score": 0.0, "support": 35}, "micro avg": {"precision": 0.4318181818181818, "recall": 0.4318181818181818, "f1-score": 0.4318181818181818, "support": 396}, "macro avg": {"precision": 0.09345239115757058, "recall": 0.13095206776807325, "f1-score": 0.08893794938047501, "support": 396}, "weighted avg": {"precision": 0.4224295248777907, "recall": 0.4318181818181818, "f1-score": 0.3594987732949923, "support": 396}, "samples avg": {"precision": 0.4318181818181818, "recall": 0.4318181818181818, "f1-score": 0.4318181818181818, "support": 396}}