{"related-to": {"precision": 0.3130434782608696, "recall": 0.3333333333333333, "f1-score": 0.3228699551569507, "support": 108}, "artifact": {"precision": 0.39215686274509803, "recall": 0.4878048780487805, "f1-score": 0.43478260869565216, "support": 41}, "cause-effect": {"precision": 0.0, "recall": 0.0, "f1-score": 0.0, "support": 5}, "compare": {"precision": 0.0, "recall": 0.0, "f1-score": 0.0, "support": 24}, "general-affiliation": {"precision": 0.0, "recall": 0.0, "f1-score": 0.0, "support": 75}, "named": {"precision": 0.6319444444444444, "recall": 0.6546762589928058, "f1-score": 0.6431095406360423, "support": 139}, "opposite": {"precision": 0.0, "recall": 0.0, "f1-score": 0.0, "support": 11}, "origin": {"precision": 0.5, "recall": 0.449438202247191, "f1-score": 0.47337278106508873, "support": 89}, "part-of": {"precision": 0.34080717488789236, "recall": 0.7102803738317757, "f1-score": 0.46060606060606063, "support": 214}, "physical": {"precision": 0.7254901960784313, "recall": 0.7254901960784313, "f1-score": 0.7254901960784313, "support": 102}, "role": {"precision": 0.6436781609195402, "recall": 0.5137614678899083, "f1-score": 0.5714285714285714, "support": 109}, "social": {"precision": 0.0, "recall": 0.0, "f1-score": 0.0, "support": 1}, "temporal": {"precision": 0.5833333333333334, "recall": 0.3333333333333333, "f1-score": 0.4242424242424242, "support": 21}, "topic": {"precision": 0.375, "recall": 0.07317073170731707, "f1-score": 0.12244897959183672, "support": 41}, "type-of": {"precision": 0.14814814814814814, "recall": 0.14814814814814814, "f1-score": 0.14814814814814814, "support": 54}, "usage": {"precision": 0.11538461538461539, "recall": 0.02459016393442623, "f1-score": 0.04054054054054054, "support": 122}, "win-defeat": {"precision": 1.0, "recall": 0.2857142857142857, "f1-score": 0.4444444444444445, "support": 7}, "micro avg": {"precision": 0.43655723158828746, "recall": 0.4230438521066208, "f1-score": 0.42969432314410483, "support": 1163}, "macro avg": {"precision": 0.33935214201190433, "recall": 0.2788083160741021, "f1-score": 0.28302848533142305, "support": 1163}, "weighted avg": {"precision": 0.392109185593863, "recall": 0.4230438521066208, "f1-score": 0.3861224532772998, "support": 1163}, "samples avg": {"precision": 0.43655723158828746, "recall": 0.4262052647145815, "f1-score": 0.4296066252587991, "support": 1163}}