{"related-to": {"precision": 0.0, "recall": 0.0, "f1-score": 0.0, "support": 76}, "artifact": {"precision": 0.0, "recall": 0.0, "f1-score": 0.0, "support": 2}, "cause-effect": {"precision": 0.0, "recall": 0.0, "f1-score": 0.0, "support": 0}, "compare": {"precision": 0.0, "recall": 0.0, "f1-score": 0.0, "support": 6}, "general-affiliation": {"precision": 0.09195402298850575, "recall": 0.25806451612903225, "f1-score": 0.13559322033898305, "support": 31}, "named": {"precision": 0.49673202614379086, "recall": 0.5846153846153846, "f1-score": 0.5371024734982331, "support": 130}, "opposite": {"precision": 0.11428571428571428, "recall": 0.07547169811320754, "f1-score": 0.0909090909090909, "support": 53}, "origin": {"precision": 0.0, "recall": 0.0, "f1-score": 0.0, "support": 55}, "part-of": {"precision": 0.13043478260869565, "recall": 0.05128205128205128, "f1-score": 0.07361963190184048, "support": 117}, "physical": {"precision": 0.7032520325203252, "recall": 0.8459657701711492, "f1-score": 0.7680355160932297, "support": 409}, "role": {"precision": 0.6423562412342216, "recall": 0.548502994011976, "f1-score": 0.5917312661498708, "support": 835}, "social": {"precision": 0.0, "recall": 0.0, "f1-score": 0.0, "support": 21}, "temporal": {"precision": 0.8720538720538721, "recall": 0.8436482084690554, "f1-score": 0.857615894039735, "support": 307}, "topic": {"precision": 0.0, "recall": 0.0, "f1-score": 0.0, "support": 13}, "type-of": {"precision": 0.0, "recall": 0.0, "f1-score": 0.0, "support": 28}, "usage": {"precision": 0.0, "recall": 0.0, "f1-score": 0.0, "support": 0}, "win-defeat": {"precision": 0.3333333333333333, "recall": 0.024390243902439025, "f1-score": 0.04545454545454545, "support": 41}, "micro avg": {"precision": 0.6324412889131622, "recall": 0.5451977401129944, "f1-score": 0.5855878634639696, "support": 2124}, "macro avg": {"precision": 0.1990824720687329, "recall": 0.1901141686290762, "f1-score": 0.18235656696385463, "support": 2124}, "weighted avg": {"precision": 0.5622073910792327, "recall": 0.5451977401129944, "f1-score": 0.54653118610503, "support": 2124}, "samples avg": {"precision": 0.6324412889131622, "recall": 0.553795740032769, "f1-score": 0.5800109229929, "support": 2124}}