{"related-to": {"precision": 0.2894736842105263, "recall": 0.21256038647342995, "f1-score": 0.245125348189415, "support": 414}, "artifact": {"precision": 0.7190184049079754, "recall": 0.9228346456692913, "f1-score": 0.8082758620689655, "support": 635}, "cause-effect": {"precision": 0.0, "recall": 0.0, "f1-score": 0.0, "support": 86}, "compare": {"precision": 0.6296296296296297, "recall": 0.2073170731707317, "f1-score": 0.3119266055045872, "support": 82}, "general-affiliation": {"precision": 0.7837037037037037, "recall": 0.8539144471347861, "f1-score": 0.817303978370027, "support": 1239}, "named": {"precision": 0.83451536643026, "recall": 0.6326164874551972, "f1-score": 0.7196738022426096, "support": 558}, "opposite": {"precision": 0.35714285714285715, "recall": 0.234375, "f1-score": 0.2830188679245283, "support": 128}, "origin": {"precision": 0.7564102564102564, "recall": 0.19407894736842105, "f1-score": 0.3089005235602094, "support": 304}, "part-of": {"precision": 0.34714003944773175, "recall": 0.4882108183079057, "f1-score": 0.4057636887608069, "support": 721}, "physical": {"precision": 0.7859848484848485, "recall": 0.8556701030927835, "f1-score": 0.8193484698914115, "support": 1455}, "role": {"precision": 0.6191709844559585, "recall": 0.5957128614157527, "f1-score": 0.6072154471544715, "support": 2006}, "social": {"precision": 0.6086956521739131, "recall": 0.13333333333333333, "f1-score": 0.21875000000000003, "support": 105}, "temporal": {"precision": 0.7441253263707572, "recall": 0.6985294117647058, "f1-score": 0.7206068268015171, "support": 408}, "topic": {"precision": 0.8679245283018868, "recall": 0.27058823529411763, "f1-score": 0.41255605381165916, "support": 170}, "type-of": {"precision": 0.7344632768361582, "recall": 0.3869047619047619, "f1-score": 0.50682261208577, "support": 336}, "usage": {"precision": 0.5945945945945946, "recall": 0.33, "f1-score": 0.4244372990353698, "support": 200}, "win-defeat": {"precision": 0.6891025641025641, "recall": 0.6782334384858044, "f1-score": 0.6836248012718601, "support": 317}, "micro avg": {"precision": 0.6620904476234426, "recall": 0.6262549105194238, "f1-score": 0.6436742934051144, "support": 9164}, "macro avg": {"precision": 0.6094762186590366, "recall": 0.4526399971100602, "f1-score": 0.4878441286278358, "support": 9164}, "weighted avg": {"precision": 0.6629790752990488, "recall": 0.6262549105194238, "f1-score": 0.6270674866388649, "support": 9164}, "samples avg": {"precision": 0.6620904476234426, "recall": 0.6376711275188433, "f1-score": 0.6457852638055684, "support": 9164}}