{"related-to": {"precision": 0.3225806451612903, "recall": 0.6349206349206349, "f1-score": 0.42780748663101603, "support": 126}, "artifact": {"precision": 0.3, "recall": 0.18181818181818182, "f1-score": 0.22641509433962265, "support": 33}, "cause-effect": {"precision": 0.0, "recall": 0.0, "f1-score": 0.0, "support": 76}, "compare": {"precision": 0.3076923076923077, "recall": 0.3076923076923077, "f1-score": 0.3076923076923077, "support": 39}, "general-affiliation": {"precision": 0.24705882352941178, "recall": 0.2876712328767123, "f1-score": 0.26582278481012656, "support": 73}, "named": {"precision": 0.43548387096774194, "recall": 0.5, "f1-score": 0.46551724137931033, "support": 108}, "opposite": {"precision": 0.0, "recall": 0.0, "f1-score": 0.0, "support": 5}, "origin": {"precision": 0.37333333333333335, "recall": 0.2978723404255319, "f1-score": 0.33136094674556216, "support": 94}, "part-of": {"precision": 0.13333333333333333, "recall": 0.17777777777777778, "f1-score": 0.1523809523809524, "support": 90}, "physical": {"precision": 0.6917562724014337, "recall": 0.8616071428571429, "f1-score": 0.7673956262425448, "support": 224}, "role": {"precision": 0.35082872928176795, "recall": 0.44405594405594406, "f1-score": 0.39197530864197533, "support": 286}, "social": {"precision": 0.0, "recall": 0.0, "f1-score": 0.0, "support": 14}, "temporal": {"precision": 0.0, "recall": 0.0, "f1-score": 0.0, "support": 26}, "topic": {"precision": 0.0, "recall": 0.0, "f1-score": 0.0, "support": 66}, "type-of": {"precision": 0.5, "recall": 0.02564102564102564, "f1-score": 0.048780487804878044, "support": 117}, "usage": {"precision": 0.0, "recall": 0.0, "f1-score": 0.0, "support": 24}, "win-defeat": {"precision": 0.8214285714285714, "recall": 0.5227272727272727, "f1-score": 0.6388888888888888, "support": 44}, "micro avg": {"precision": 0.40445402298850575, "recall": 0.38961937716262973, "f1-score": 0.39689813182939726, "support": 1445}, "macro avg": {"precision": 0.26373505218407006, "recall": 0.24951669769367832, "f1-score": 0.23670806620924612, "support": 1445}, "weighted avg": {"precision": 0.363072197606355, "recall": 0.38961937716262973, "f1-score": 0.3499920887414572, "support": 1445}, "samples avg": {"precision": 0.40445402298850575, "recall": 0.38613505747126436, "f1-score": 0.3922413793103448, "support": 1445}}