{"related-to": {"precision": 0.0, "recall": 0.0, "f1-score": 0.0, "support": 6}, "artifact": {"precision": 0.0, "recall": 0.0, "f1-score": 0.0, "support": 0}, "cause-effect": {"precision": 0.0, "recall": 0.0, "f1-score": 0.0, "support": 0}, "compare": {"precision": 0.0, "recall": 0.0, "f1-score": 0.0, "support": 0}, "general-affiliation": {"precision": 0.0, "recall": 0.0, "f1-score": 0.0, "support": 10}, "named": {"precision": 0.0392156862745098, "recall": 0.5, "f1-score": 0.07272727272727272, "support": 4}, "opposite": {"precision": 0.06779661016949153, "recall": 0.10256410256410256, "f1-score": 0.08163265306122448, "support": 39}, "origin": {"precision": 0.0, "recall": 0.0, "f1-score": 0.0, "support": 0}, "part-of": {"precision": 0.0, "recall": 0.0, "f1-score": 0.0, "support": 28}, "physical": {"precision": 0.25396825396825395, "recall": 0.12403100775193798, "f1-score": 0.16666666666666669, "support": 129}, "role": {"precision": 0.3183856502242152, "recall": 0.4930555555555556, "f1-score": 0.38692098092643046, "support": 144}, "social": {"precision": 0.0, "recall": 0.0, "f1-score": 0.0, "support": 0}, "temporal": {"precision": 0.0, "recall": 0.0, "f1-score": 0.0, "support": 1}, "topic": {"precision": 0.0, "recall": 0.0, "f1-score": 0.0, "support": 0}, "type-of": {"precision": 0.0, "recall": 0.0, "f1-score": 0.0, "support": 0}, "usage": {"precision": 0.0, "recall": 0.0, "f1-score": 0.0, "support": 0}, "win-defeat": {"precision": 0.0, "recall": 0.0, "f1-score": 0.0, "support": 35}, "micro avg": {"precision": 0.23484848484848486, "recall": 0.23484848484848486, "f1-score": 0.23484848484848486, "support": 396}, "macro avg": {"precision": 0.03996271768449827, "recall": 0.07174415681597625, "f1-score": 0.04164397490479967, "support": 396}, "weighted avg": {"precision": 0.20558173973712113, "recall": 0.23484848484848486, "f1-score": 0.2037656661962193, "support": 396}, "samples avg": {"precision": 0.23484848484848486, "recall": 0.23484848484848486, "f1-score": 0.23484848484848486, "support": 396}}