{"related-to": {"precision": 0.3394495412844037, "recall": 0.5873015873015873, "f1-score": 0.43023255813953487, "support": 126}, "artifact": {"precision": 0.28, "recall": 0.21212121212121213, "f1-score": 0.2413793103448276, "support": 33}, "cause-effect": {"precision": 0.0, "recall": 0.0, "f1-score": 0.0, "support": 76}, "compare": {"precision": 0.5757575757575758, "recall": 0.48717948717948717, "f1-score": 0.5277777777777778, "support": 39}, "general-affiliation": {"precision": 0.45714285714285713, "recall": 0.2191780821917808, "f1-score": 0.2962962962962963, "support": 73}, "named": {"precision": 0.5371900826446281, "recall": 0.6018518518518519, "f1-score": 0.5676855895196506, "support": 108}, "opposite": {"precision": 0.0, "recall": 0.0, "f1-score": 0.0, "support": 5}, "origin": {"precision": 0.29577464788732394, "recall": 0.22340425531914893, "f1-score": 0.2545454545454545, "support": 94}, "part-of": {"precision": 0.13807531380753138, "recall": 0.36666666666666664, "f1-score": 0.2006079027355623, "support": 90}, "physical": {"precision": 0.5772870662460567, "recall": 0.8169642857142857, "f1-score": 0.6765249537892791, "support": 224}, "role": {"precision": 0.43462897526501765, "recall": 0.43006993006993005, "f1-score": 0.43233743409490333, "support": 286}, "social": {"precision": 0.0, "recall": 0.0, "f1-score": 0.0, "support": 14}, "temporal": {"precision": 0.0, "recall": 0.0, "f1-score": 0.0, "support": 26}, "topic": {"precision": 0.0, "recall": 0.0, "f1-score": 0.0, "support": 66}, "type-of": {"precision": 0.5384615384615384, "recall": 0.05982905982905983, "f1-score": 0.1076923076923077, "support": 117}, "usage": {"precision": 0.0, "recall": 0.0, "f1-score": 0.0, "support": 24}, "win-defeat": {"precision": 0.8484848484848485, "recall": 0.6363636363636364, "f1-score": 0.7272727272727273, "support": 44}, "micro avg": {"precision": 0.41379310344827586, "recall": 0.3986159169550173, "f1-score": 0.4060627423334508, "support": 1445}, "macro avg": {"precision": 0.29542661452834007, "recall": 0.27299588556521454, "f1-score": 0.26249131248284246, "support": 1445}, "weighted avg": {"precision": 0.38756558020467824, "recall": 0.3986159169550173, "f1-score": 0.3650310767968582, "support": 1445}, "samples avg": {"precision": 0.41379310344827586, "recall": 0.3954741379310345, "f1-score": 0.4015804597701149, "support": 1445}}