{"related-to": {"precision": 0.2992125984251969, "recall": 0.35185185185185186, "f1-score": 0.32340425531914896, "support": 108}, "artifact": {"precision": 0.4634146341463415, "recall": 0.4634146341463415, "f1-score": 0.4634146341463415, "support": 41}, "cause-effect": {"precision": 0.0, "recall": 0.0, "f1-score": 0.0, "support": 5}, "compare": {"precision": 0.0, "recall": 0.0, "f1-score": 0.0, "support": 24}, "general-affiliation": {"precision": 0.0, "recall": 0.0, "f1-score": 0.0, "support": 75}, "named": {"precision": 0.5961538461538461, "recall": 0.6690647482014388, "f1-score": 0.6305084745762711, "support": 139}, "opposite": {"precision": 0.0, "recall": 0.0, "f1-score": 0.0, "support": 11}, "origin": {"precision": 0.5352112676056338, "recall": 0.42696629213483145, "f1-score": 0.47500000000000003, "support": 89}, "part-of": {"precision": 0.34174311926605505, "recall": 0.6962616822429907, "f1-score": 0.4584615384615385, "support": 214}, "physical": {"precision": 0.7373737373737373, "recall": 0.7156862745098039, "f1-score": 0.72636815920398, "support": 102}, "role": {"precision": 0.5841584158415841, "recall": 0.5412844036697247, "f1-score": 0.5619047619047619, "support": 109}, "social": {"precision": 0.0, "recall": 0.0, "f1-score": 0.0, "support": 1}, "temporal": {"precision": 0.6, "recall": 0.2857142857142857, "f1-score": 0.3870967741935483, "support": 21}, "topic": {"precision": 0.3333333333333333, "recall": 0.024390243902439025, "f1-score": 0.04545454545454545, "support": 41}, "type-of": {"precision": 0.15555555555555556, "recall": 0.12962962962962962, "f1-score": 0.1414141414141414, "support": 54}, "usage": {"precision": 0.37142857142857144, "recall": 0.10655737704918032, "f1-score": 0.16560509554140126, "support": 122}, "win-defeat": {"precision": 1.0, "recall": 0.2857142857142857, "f1-score": 0.4444444444444445, "support": 7}, "micro avg": {"precision": 0.4418811002661934, "recall": 0.4282029234737747, "f1-score": 0.43493449781659393, "support": 1163}, "macro avg": {"precision": 0.3539755928899915, "recall": 0.27626680639804724, "f1-score": 0.2837104014505955, "support": 1163}, "weighted avg": {"precision": 0.4134252076568782, "recall": 0.4282029234737747, "f1-score": 0.39401138700171157, "support": 1163}, "samples avg": {"precision": 0.4418811002661934, "recall": 0.4324164448388051, "f1-score": 0.43552203490091684, "support": 1163}}