{"related-to": {"precision": 0.10526315789473684, "recall": 0.05555555555555555, "f1-score": 0.07272727272727272, "support": 72}, "artifact": {"precision": 0.8397626112759644, "recall": 0.9433333333333334, "f1-score": 0.8885400313971742, "support": 300}, "cause-effect": {"precision": 0.0, "recall": 0.0, "f1-score": 0.0, "support": 1}, "compare": {"precision": 0.0, "recall": 0.0, "f1-score": 0.0, "support": 8}, "general-affiliation": {"precision": 0.8205128205128205, "recall": 0.8780487804878049, "f1-score": 0.8483063328424153, "support": 328}, "named": {"precision": 0.4117647058823529, "recall": 0.5212765957446809, "f1-score": 0.460093896713615, "support": 94}, "opposite": {"precision": 0.0, "recall": 0.0, "f1-score": 0.0, "support": 14}, "origin": {"precision": 0.18181818181818182, "recall": 0.0425531914893617, "f1-score": 0.06896551724137931, "support": 47}, "part-of": {"precision": 0.20754716981132076, "recall": 0.11458333333333333, "f1-score": 0.1476510067114094, "support": 96}, "physical": {"precision": 0.7165775401069518, "recall": 0.7701149425287356, "f1-score": 0.742382271468144, "support": 174}, "role": {"precision": 0.6512605042016807, "recall": 0.6126482213438735, "f1-score": 0.6313645621181263, "support": 253}, "social": {"precision": 0.37254901960784315, "recall": 0.40425531914893614, "f1-score": 0.38775510204081626, "support": 47}, "temporal": {"precision": 0.46808510638297873, "recall": 0.7586206896551724, "f1-score": 0.5789473684210527, "support": 29}, "topic": {"precision": 0.1875, "recall": 0.07142857142857142, "f1-score": 0.10344827586206898, "support": 42}, "type-of": {"precision": 1.0, "recall": 0.3333333333333333, "f1-score": 0.5, "support": 18}, "usage": {"precision": 0.0, "recall": 0.0, "f1-score": 0.0, "support": 2}, "win-defeat": {"precision": 0.648854961832061, "recall": 0.8762886597938144, "f1-score": 0.7456140350877193, "support": 97}, "micro avg": {"precision": 0.6672955974842767, "recall": 0.6541307028360049, "f1-score": 0.6606475716064757, "support": 1622}, "macro avg": {"precision": 0.38891151643099375, "recall": 0.3754141486574416, "f1-score": 0.3632820983900702, "support": 1622}, "weighted avg": {"precision": 0.619706167648408, "recall": 0.6541307028360049, "f1-score": 0.6290386278635854, "support": 1622}, "samples avg": {"precision": 0.6672955974842767, "recall": 0.660062893081761, "f1-score": 0.6624737945492662, "support": 1622}}