{"related-to": {"precision": 0.0, "recall": 0.0, "f1-score": 0.0, "support": 76}, "artifact": {"precision": 0.0, "recall": 0.0, "f1-score": 0.0, "support": 2}, "cause-effect": {"precision": 0.0, "recall": 0.0, "f1-score": 0.0, "support": 0}, "compare": {"precision": 0.0, "recall": 0.0, "f1-score": 0.0, "support": 6}, "general-affiliation": {"precision": 0.0, "recall": 0.0, "f1-score": 0.0, "support": 31}, "named": {"precision": 0.0, "recall": 0.0, "f1-score": 0.0, "support": 130}, "opposite": {"precision": 0.0, "recall": 0.0, "f1-score": 0.0, "support": 53}, "origin": {"precision": 0.0, "recall": 0.0, "f1-score": 0.0, "support": 55}, "part-of": {"precision": 0.0, "recall": 0.0, "f1-score": 0.0, "support": 117}, "physical": {"precision": 0.6956521739130435, "recall": 0.039119804400977995, "f1-score": 0.07407407407407408, "support": 409}, "role": {"precision": 0.43838136112814224, "recall": 0.8562874251497006, "f1-score": 0.5798864557988646, "support": 835}, "social": {"precision": 0.0, "recall": 0.0, "f1-score": 0.0, "support": 21}, "temporal": {"precision": 0.8248587570621468, "recall": 0.4755700325732899, "f1-score": 0.6033057851239669, "support": 307}, "topic": {"precision": 0.0, "recall": 0.0, "f1-score": 0.0, "support": 13}, "type-of": {"precision": 0.0, "recall": 0.0, "f1-score": 0.0, "support": 28}, "usage": {"precision": 0.0, "recall": 0.0, "f1-score": 0.0, "support": 0}, "win-defeat": {"precision": 0.0, "recall": 0.0, "f1-score": 0.0, "support": 41}, "micro avg": {"precision": 0.4789732386673949, "recall": 0.4129001883239171, "f1-score": 0.44348925410872314, "support": 2124}, "macro avg": {"precision": 0.11522895835901956, "recall": 0.0806457213014099, "f1-score": 0.0739568420586415, "support": 2124}, "weighted avg": {"precision": 0.42551874486370656, "recall": 0.4129001883239171, "f1-score": 0.3294333158763682, "support": 2124}, "samples avg": {"precision": 0.4789732386673949, "recall": 0.4025122883670126, "f1-score": 0.42799927180047326, "support": 2124}}