{"related-to": {"precision": 0.23529411764705882, "recall": 0.05555555555555555, "f1-score": 0.0898876404494382, "support": 72}, "artifact": {"precision": 0.7932011331444759, "recall": 0.9333333333333333, "f1-score": 0.8575803981623278, "support": 300}, "cause-effect": {"precision": 0.0, "recall": 0.0, "f1-score": 0.0, "support": 1}, "compare": {"precision": 0.0, "recall": 0.0, "f1-score": 0.0, "support": 8}, "general-affiliation": {"precision": 0.8038674033149171, "recall": 0.8871951219512195, "f1-score": 0.8434782608695652, "support": 328}, "named": {"precision": 0.5185185185185185, "recall": 0.5957446808510638, "f1-score": 0.5544554455445543, "support": 94}, "opposite": {"precision": 0.0, "recall": 0.0, "f1-score": 0.0, "support": 14}, "origin": {"precision": 0.6666666666666666, "recall": 0.0425531914893617, "f1-score": 0.08, "support": 47}, "part-of": {"precision": 0.08571428571428572, "recall": 0.03125, "f1-score": 0.04580152671755725, "support": 96}, "physical": {"precision": 0.7288135593220338, "recall": 0.7413793103448276, "f1-score": 0.735042735042735, "support": 174}, "role": {"precision": 0.6217228464419475, "recall": 0.6561264822134387, "f1-score": 0.6384615384615385, "support": 253}, "social": {"precision": 0.4090909090909091, "recall": 0.574468085106383, "f1-score": 0.47787610619469023, "support": 47}, "temporal": {"precision": 0.45614035087719296, "recall": 0.896551724137931, "f1-score": 0.6046511627906976, "support": 29}, "topic": {"precision": 0.25, "recall": 0.07142857142857142, "f1-score": 0.11111111111111112, "support": 42}, "type-of": {"precision": 0.8, "recall": 0.4444444444444444, "f1-score": 0.5714285714285714, "support": 18}, "usage": {"precision": 0.0, "recall": 0.0, "f1-score": 0.0, "support": 2}, "win-defeat": {"precision": 0.6910569105691057, "recall": 0.8762886597938144, "f1-score": 0.7727272727272728, "support": 97}, "micro avg": {"precision": 0.6792452830188679, "recall": 0.6658446362515413, "f1-score": 0.672478206724782, "support": 1622}, "macro avg": {"precision": 0.4152992177239478, "recall": 0.4003717153323497, "f1-score": 0.375441280558827, "support": 1622}, "weighted avg": {"precision": 0.6259987502488474, "recall": 0.6658446362515413, "f1-score": 0.6288611897777812, "support": 1622}, "samples avg": {"precision": 0.6792452830188679, "recall": 0.6720125786163522, "f1-score": 0.6744234800838574, "support": 1622}}