{"related-to": {"precision": 0.23076923076923078, "recall": 0.041666666666666664, "f1-score": 0.07058823529411765, "support": 72}, "artifact": {"precision": 0.7965116279069767, "recall": 0.9133333333333333, "f1-score": 0.8509316770186336, "support": 300}, "cause-effect": {"precision": 0.0, "recall": 0.0, "f1-score": 0.0, "support": 1}, "compare": {"precision": 0.0, "recall": 0.0, "f1-score": 0.0, "support": 8}, "general-affiliation": {"precision": 0.8480243161094225, "recall": 0.850609756097561, "f1-score": 0.8493150684931506, "support": 328}, "named": {"precision": 0.3356164383561644, "recall": 0.5212765957446809, "f1-score": 0.4083333333333334, "support": 94}, "opposite": {"precision": 0.0, "recall": 0.0, "f1-score": 0.0, "support": 14}, "origin": {"precision": 0.0, "recall": 0.0, "f1-score": 0.0, "support": 47}, "part-of": {"precision": 0.3333333333333333, "recall": 0.13541666666666666, "f1-score": 0.19259259259259257, "support": 96}, "physical": {"precision": 0.7843137254901961, "recall": 0.6896551724137931, "f1-score": 0.7339449541284404, "support": 174}, "role": {"precision": 0.5391566265060241, "recall": 0.7075098814229249, "f1-score": 0.611965811965812, "support": 253}, "social": {"precision": 0.5757575757575758, "recall": 0.40425531914893614, "f1-score": 0.47500000000000003, "support": 47}, "temporal": {"precision": 0.6206896551724138, "recall": 0.6206896551724138, "f1-score": 0.6206896551724138, "support": 29}, "topic": {"precision": 0.08108108108108109, "recall": 0.07142857142857142, "f1-score": 0.0759493670886076, "support": 42}, "type-of": {"precision": 0.7857142857142857, "recall": 0.6111111111111112, "f1-score": 0.6875000000000001, "support": 18}, "usage": {"precision": 0.0, "recall": 0.0, "f1-score": 0.0, "support": 2}, "win-defeat": {"precision": 0.680672268907563, "recall": 0.8350515463917526, "f1-score": 0.7500000000000001, "support": 97}, "micro avg": {"precision": 0.6597484276729559, "recall": 0.6467324290998767, "f1-score": 0.6531755915317559, "support": 1622}, "macro avg": {"precision": 0.38892000971201574, "recall": 0.37658848679990653, "f1-score": 0.3721653350051236, "support": 1622}, "weighted avg": {"precision": 0.6157707073434452, "recall": 0.6467324290998767, "f1-score": 0.6208280311949216, "support": 1622}, "samples avg": {"precision": 0.6597484276729559, "recall": 0.6520964360587003, "f1-score": 0.6546121593291404, "support": 1622}}