{"related-to": {"precision": 0.0, "recall": 0.0, "f1-score": 0.0, "support": 72}, "artifact": {"precision": 0.8033240997229917, "recall": 0.9666666666666667, "f1-score": 0.8774583963691377, "support": 300}, "cause-effect": {"precision": 0.0, "recall": 0.0, "f1-score": 0.0, "support": 1}, "compare": {"precision": 0.0, "recall": 0.0, "f1-score": 0.0, "support": 8}, "general-affiliation": {"precision": 0.8114754098360656, "recall": 0.9054878048780488, "f1-score": 0.8559077809798272, "support": 328}, "named": {"precision": 0.4782608695652174, "recall": 0.46808510638297873, "f1-score": 0.47311827956989244, "support": 94}, "opposite": {"precision": 0.0, "recall": 0.0, "f1-score": 0.0, "support": 14}, "origin": {"precision": 0.0, "recall": 0.0, "f1-score": 0.0, "support": 47}, "part-of": {"precision": 0.2, "recall": 0.03125, "f1-score": 0.05405405405405406, "support": 96}, "physical": {"precision": 0.791907514450867, "recall": 0.7873563218390804, "f1-score": 0.7896253602305474, "support": 174}, "role": {"precision": 0.47715736040609136, "recall": 0.7430830039525692, "f1-score": 0.5811437403400309, "support": 253}, "social": {"precision": 1.0, "recall": 0.19148936170212766, "f1-score": 0.32142857142857145, "support": 47}, "temporal": {"precision": 0.5, "recall": 0.6896551724137931, "f1-score": 0.5797101449275363, "support": 29}, "topic": {"precision": 0.375, "recall": 0.07142857142857142, "f1-score": 0.12, "support": 42}, "type-of": {"precision": 1.0, "recall": 0.3333333333333333, "f1-score": 0.5, "support": 18}, "usage": {"precision": 0.0, "recall": 0.0, "f1-score": 0.0, "support": 2}, "win-defeat": {"precision": 0.648, "recall": 0.8350515463917526, "f1-score": 0.7297297297297297, "support": 97}, "micro avg": {"precision": 0.6779874213836478, "recall": 0.6646115906288532, "f1-score": 0.6712328767123287, "support": 1622}, "macro avg": {"precision": 0.41677207376360187, "recall": 0.3542874640581719, "f1-score": 0.3460103563311369, "support": 1622}, "weighted avg": {"precision": 0.6090853303202524, "recall": 0.6646115906288532, "f1-score": 0.6133195304382565, "support": 1622}, "samples avg": {"precision": 0.6779874213836478, "recall": 0.670020964360587, "f1-score": 0.6726415094339623, "support": 1622}}