{"related-to": {"precision": 0.5, "recall": 0.15384615384615385, "f1-score": 0.23529411764705882, "support": 26}, "artifact": {"precision": 0.6980609418282548, "recall": 0.972972972972973, "f1-score": 0.8129032258064516, "support": 259}, "cause-effect": {"precision": 0.0, "recall": 0.0, "f1-score": 0.0, "support": 4}, "compare": {"precision": 0.0, "recall": 0.0, "f1-score": 0.0, "support": 5}, "general-affiliation": {"precision": 0.8601583113456465, "recall": 0.9030470914127424, "f1-score": 0.8810810810810811, "support": 722}, "named": {"precision": 0.6, "recall": 0.03614457831325301, "f1-score": 0.06818181818181818, "support": 83}, "opposite": {"precision": 0.0, "recall": 0.0, "f1-score": 0.0, "support": 6}, "origin": {"precision": 0.28, "recall": 0.3684210526315789, "f1-score": 0.3181818181818182, "support": 19}, "part-of": {"precision": 0.3553299492385787, "recall": 0.3977272727272727, "f1-score": 0.37533512064343166, "support": 176}, "physical": {"precision": 0.8717948717948718, "recall": 0.9784172661870504, "f1-score": 0.9220338983050846, "support": 417}, "role": {"precision": 0.6859205776173285, "recall": 0.5013192612137203, "f1-score": 0.5792682926829268, "support": 379}, "social": {"precision": 0.0, "recall": 0.0, "f1-score": 0.0, "support": 22}, "temporal": {"precision": 0.32, "recall": 0.3333333333333333, "f1-score": 0.32653061224489793, "support": 24}, "topic": {"precision": 0.0, "recall": 0.0, "f1-score": 0.0, "support": 8}, "type-of": {"precision": 0.9523809523809523, "recall": 0.6722689075630253, "f1-score": 0.7881773399014779, "support": 119}, "usage": {"precision": 1.0, "recall": 0.46153846153846156, "f1-score": 0.631578947368421, "support": 52}, "win-defeat": {"precision": 0.73, "recall": 0.7849462365591398, "f1-score": 0.7564766839378239, "support": 93}, "micro avg": {"precision": 0.7594339622641509, "recall": 0.7336371168185584, "f1-score": 0.7463126843657817, "support": 2414}, "macro avg": {"precision": 0.4619791531885666, "recall": 0.3861166228411003, "f1-score": 0.3938260562342524, "support": 2414}, "weighted avg": {"precision": 0.7443644778706822, "recall": 0.7336371168185584, "f1-score": 0.7205545746903906, "support": 2414}, "samples avg": {"precision": 0.7594339622641509, "recall": 0.744639794168096, "f1-score": 0.7494997141223557, "support": 2414}}