{"related-to": {"precision": 0.0, "recall": 0.0, "f1-score": 0.0, "support": 76}, "artifact": {"precision": 0.0, "recall": 0.0, "f1-score": 0.0, "support": 2}, "cause-effect": {"precision": 0.0, "recall": 0.0, "f1-score": 0.0, "support": 0}, "compare": {"precision": 0.0, "recall": 0.0, "f1-score": 0.0, "support": 6}, "general-affiliation": {"precision": 0.2676056338028169, "recall": 0.6129032258064516, "f1-score": 0.3725490196078431, "support": 31}, "named": {"precision": 0.5775862068965517, "recall": 0.5153846153846153, "f1-score": 0.5447154471544715, "support": 130}, "opposite": {"precision": 0.0, "recall": 0.0, "f1-score": 0.0, "support": 53}, "origin": {"precision": 0.0, "recall": 0.0, "f1-score": 0.0, "support": 55}, "part-of": {"precision": 0.0, "recall": 0.0, "f1-score": 0.0, "support": 117}, "physical": {"precision": 0.5968503937007874, "recall": 0.9266503667481663, "f1-score": 0.7260536398467432, "support": 409}, "role": {"precision": 0.6292286874154263, "recall": 0.5568862275449101, "f1-score": 0.5908513341804321, "support": 835}, "social": {"precision": 0.0, "recall": 0.0, "f1-score": 0.0, "support": 21}, "temporal": {"precision": 0.9087301587301587, "recall": 0.745928338762215, "f1-score": 0.8193202146690519, "support": 307}, "topic": {"precision": 0.0, "recall": 0.0, "f1-score": 0.0, "support": 13}, "type-of": {"precision": 0.0, "recall": 0.0, "f1-score": 0.0, "support": 28}, "usage": {"precision": 0.0, "recall": 0.0, "f1-score": 0.0, "support": 0}, "win-defeat": {"precision": 0.0, "recall": 0.0, "f1-score": 0.0, "support": 41}, "micro avg": {"precision": 0.632987438558165, "recall": 0.545668549905838, "f1-score": 0.5860935524652338, "support": 2124}, "macro avg": {"precision": 0.17529418120857299, "recall": 0.1975148690733152, "f1-score": 0.17961703855638483, "support": 2124}, "weighted avg": {"precision": 0.5329001437335691, "recall": 0.545668549905838, "f1-score": 0.5292891414215171, "support": 2124}, "samples avg": {"precision": 0.632987438558165, "recall": 0.5554341889677772, "f1-score": 0.581285272164573, "support": 2124}}