{"related-to": {"precision": 0.5, "recall": 0.013888888888888888, "f1-score": 0.02702702702702703, "support": 72}, "artifact": {"precision": 0.9041533546325878, "recall": 0.9433333333333334, "f1-score": 0.9233278955954323, "support": 300}, "cause-effect": {"precision": 0.0, "recall": 0.0, "f1-score": 0.0, "support": 1}, "compare": {"precision": 0.0, "recall": 0.0, "f1-score": 0.0, "support": 8}, "general-affiliation": {"precision": 0.7562189054726368, "recall": 0.926829268292683, "f1-score": 0.8328767123287671, "support": 328}, "named": {"precision": 0.4489795918367347, "recall": 0.46808510638297873, "f1-score": 0.4583333333333333, "support": 94}, "opposite": {"precision": 0.0, "recall": 0.0, "f1-score": 0.0, "support": 14}, "origin": {"precision": 0.0, "recall": 0.0, "f1-score": 0.0, "support": 47}, "part-of": {"precision": 0.34615384615384615, "recall": 0.09375, "f1-score": 0.14754098360655737, "support": 96}, "physical": {"precision": 0.7770700636942676, "recall": 0.7011494252873564, "f1-score": 0.7371601208459215, "support": 174}, "role": {"precision": 0.5077319587628866, "recall": 0.7786561264822134, "f1-score": 0.6146645865834633, "support": 253}, "social": {"precision": 0.64, "recall": 0.3404255319148936, "f1-score": 0.4444444444444445, "support": 47}, "temporal": {"precision": 0.5, "recall": 0.6206896551724138, "f1-score": 0.5538461538461539, "support": 29}, "topic": {"precision": 0.3333333333333333, "recall": 0.023809523809523808, "f1-score": 0.044444444444444446, "support": 42}, "type-of": {"precision": 0.0, "recall": 0.0, "f1-score": 0.0, "support": 18}, "usage": {"precision": 0.0, "recall": 0.0, "f1-score": 0.0, "support": 2}, "win-defeat": {"precision": 0.6071428571428571, "recall": 0.8762886597938144, "f1-score": 0.7172995780590717, "support": 97}, "micro avg": {"precision": 0.6792452830188679, "recall": 0.6658446362515413, "f1-score": 0.672478206724782, "support": 1622}, "macro avg": {"precision": 0.3718108182958324, "recall": 0.3404062070210647, "f1-score": 0.3235861929479186, "support": 1622}, "weighted avg": {"precision": 0.623834705327308, "recall": 0.6658446362515413, "f1-score": 0.6174761396729991, "support": 1622}, "samples avg": {"precision": 0.6792452830188679, "recall": 0.6719077568134173, "f1-score": 0.6743186582809223, "support": 1622}}