{"related-to": {"precision": 0.2558139534883721, "recall": 0.6111111111111112, "f1-score": 0.36065573770491804, "support": 126}, "artifact": {"precision": 0.2608695652173913, "recall": 0.18181818181818182, "f1-score": 0.21428571428571427, "support": 33}, "cause-effect": {"precision": 0.0, "recall": 0.0, "f1-score": 0.0, "support": 76}, "compare": {"precision": 0.8, "recall": 0.10256410256410256, "f1-score": 0.18181818181818182, "support": 39}, "general-affiliation": {"precision": 1.0, "recall": 0.0410958904109589, "f1-score": 0.07894736842105263, "support": 73}, "named": {"precision": 0.4470588235294118, "recall": 0.35185185185185186, "f1-score": 0.3937823834196892, "support": 108}, "opposite": {"precision": 0.0, "recall": 0.0, "f1-score": 0.0, "support": 5}, "origin": {"precision": 0.25274725274725274, "recall": 0.24468085106382978, "f1-score": 0.24864864864864866, "support": 94}, "part-of": {"precision": 0.10793650793650794, "recall": 0.37777777777777777, "f1-score": 0.16790123456790124, "support": 90}, "physical": {"precision": 0.7846153846153846, "recall": 0.6830357142857143, "f1-score": 0.7303102625298329, "support": 224}, "role": {"precision": 0.3881019830028329, "recall": 0.479020979020979, "f1-score": 0.4287949921752739, "support": 286}, "social": {"precision": 0.0, "recall": 0.0, "f1-score": 0.0, "support": 14}, "temporal": {"precision": 0.0, "recall": 0.0, "f1-score": 0.0, "support": 26}, "topic": {"precision": 0.0, "recall": 0.0, "f1-score": 0.0, "support": 66}, "type-of": {"precision": 0.0, "recall": 0.0, "f1-score": 0.0, "support": 117}, "usage": {"precision": 0.0, "recall": 0.0, "f1-score": 0.0, "support": 24}, "win-defeat": {"precision": 0.9047619047619048, "recall": 0.4318181818181818, "f1-score": 0.5846153846153846, "support": 44}, "micro avg": {"precision": 0.35488505747126436, "recall": 0.34186851211072666, "f1-score": 0.34825519915403597, "support": 1445}, "macro avg": {"precision": 0.30599443384112107, "recall": 0.20616321421898168, "f1-score": 0.19939764165803514, "support": 1445}, "weighted avg": {"precision": 0.3829457932924519, "recall": 0.34186851211072666, "f1-score": 0.31718245224442393, "support": 1445}, "samples avg": {"precision": 0.35488505747126436, "recall": 0.33728448275862066, "f1-score": 0.3431513409961686, "support": 1445}}