{"related-to": {"precision": 0.0, "recall": 0.0, "f1-score": 0.0, "support": 6}, "artifact": {"precision": 0.0, "recall": 0.0, "f1-score": 0.0, "support": 0}, "cause-effect": {"precision": 0.0, "recall": 0.0, "f1-score": 0.0, "support": 0}, "compare": {"precision": 0.0, "recall": 0.0, "f1-score": 0.0, "support": 0}, "general-affiliation": {"precision": 0.0, "recall": 0.0, "f1-score": 0.0, "support": 10}, "named": {"precision": 0.0, "recall": 0.0, "f1-score": 0.0, "support": 4}, "opposite": {"precision": 0.0, "recall": 0.0, "f1-score": 0.0, "support": 39}, "origin": {"precision": 0.0, "recall": 0.0, "f1-score": 0.0, "support": 0}, "part-of": {"precision": 0.0, "recall": 0.0, "f1-score": 0.0, "support": 28}, "physical": {"precision": 0.5605095541401274, "recall": 0.6821705426356589, "f1-score": 0.6153846153846154, "support": 129}, "role": {"precision": 0.47280334728033474, "recall": 0.7847222222222222, "f1-score": 0.5900783289817233, "support": 144}, "social": {"precision": 0.0, "recall": 0.0, "f1-score": 0.0, "support": 0}, "temporal": {"precision": 0.0, "recall": 0.0, "f1-score": 0.0, "support": 1}, "topic": {"precision": 0.0, "recall": 0.0, "f1-score": 0.0, "support": 0}, "type-of": {"precision": 0.0, "recall": 0.0, "f1-score": 0.0, "support": 0}, "usage": {"precision": 0.0, "recall": 0.0, "f1-score": 0.0, "support": 0}, "win-defeat": {"precision": 0.0, "recall": 0.0, "f1-score": 0.0, "support": 35}, "micro avg": {"precision": 0.5075757575757576, "recall": 0.5075757575757576, "f1-score": 0.5075757575757576, "support": 396}, "macro avg": {"precision": 0.060783111848262475, "recall": 0.08628780969752242, "f1-score": 0.07090958496272581, "support": 396}, "weighted avg": {"precision": 0.3545187234657693, "recall": 0.5075757575757576, "f1-score": 0.4150401382777362, "support": 396}, "samples avg": {"precision": 0.5075757575757576, "recall": 0.5075757575757576, "f1-score": 0.5075757575757576, "support": 396}}