{"related-to": {"precision": 0.0, "recall": 0.0, "f1-score": 0.0, "support": 76}, "artifact": {"precision": 0.0, "recall": 0.0, "f1-score": 0.0, "support": 2}, "cause-effect": {"precision": 0.0, "recall": 0.0, "f1-score": 0.0, "support": 0}, "compare": {"precision": 0.0, "recall": 0.0, "f1-score": 0.0, "support": 6}, "general-affiliation": {"precision": 0.2236842105263158, "recall": 0.5483870967741935, "f1-score": 0.3177570093457944, "support": 31}, "named": {"precision": 0.8658536585365854, "recall": 0.5461538461538461, "f1-score": 0.6698113207547169, "support": 130}, "opposite": {"precision": 0.0625, "recall": 0.018867924528301886, "f1-score": 0.028985507246376812, "support": 53}, "origin": {"precision": 0.0, "recall": 0.0, "f1-score": 0.0, "support": 55}, "part-of": {"precision": 0.2, "recall": 0.06837606837606838, "f1-score": 0.1019108280254777, "support": 117}, "physical": {"precision": 0.7095808383233533, "recall": 0.5794621026894865, "f1-score": 0.6379542395693135, "support": 409}, "role": {"precision": 0.5484848484848485, "recall": 0.6502994011976048, "f1-score": 0.595068493150685, "support": 835}, "social": {"precision": 0.0, "recall": 0.0, "f1-score": 0.0, "support": 21}, "temporal": {"precision": 0.8661971830985915, "recall": 0.8013029315960912, "f1-score": 0.8324873096446701, "support": 307}, "topic": {"precision": 0.0, "recall": 0.0, "f1-score": 0.0, "support": 13}, "type-of": {"precision": 0.0, "recall": 0.0, "f1-score": 0.0, "support": 28}, "usage": {"precision": 0.0, "recall": 0.0, "f1-score": 0.0, "support": 0}, "win-defeat": {"precision": 0.0, "recall": 0.0, "f1-score": 0.0, "support": 41}, "micro avg": {"precision": 0.6133260513380666, "recall": 0.5287193973634652, "f1-score": 0.5678887484197218, "support": 2124}, "macro avg": {"precision": 0.2044882787629232, "recall": 0.18899113948915247, "f1-score": 0.18729262986688439, "support": 2124}, "weighted avg": {"precision": 0.5462964372440864, "recall": 0.5287193973634652, "f1-score": 0.5290794809681999, "support": 2124}, "samples avg": {"precision": 0.6133260513380666, "recall": 0.536592026215183, "f1-score": 0.5621700345894776, "support": 2124}}