{"related-to": {"precision": 0.0, "recall": 0.0, "f1-score": 0.0, "support": 26}, "artifact": {"precision": 0.7357357357357357, "recall": 0.9459459459459459, "f1-score": 0.8277027027027027, "support": 259}, "cause-effect": {"precision": 0.0, "recall": 0.0, "f1-score": 0.0, "support": 4}, "compare": {"precision": 0.0, "recall": 0.0, "f1-score": 0.0, "support": 5}, "general-affiliation": {"precision": 0.8195679796696315, "recall": 0.8933518005540166, "f1-score": 0.8548707753479126, "support": 722}, "named": {"precision": 0.5, "recall": 0.0963855421686747, "f1-score": 0.16161616161616163, "support": 83}, "opposite": {"precision": 0.0, "recall": 0.0, "f1-score": 0.0, "support": 6}, "origin": {"precision": 0.1935483870967742, "recall": 0.3157894736842105, "f1-score": 0.24000000000000002, "support": 19}, "part-of": {"precision": 0.3987341772151899, "recall": 0.35795454545454547, "f1-score": 0.3772455089820359, "support": 176}, "physical": {"precision": 0.8623655913978494, "recall": 0.9616306954436451, "f1-score": 0.909297052154195, "support": 417}, "role": {"precision": 0.6666666666666666, "recall": 0.5804749340369393, "f1-score": 0.620592383638928, "support": 379}, "social": {"precision": 0.0, "recall": 0.0, "f1-score": 0.0, "support": 22}, "temporal": {"precision": 0.2857142857142857, "recall": 0.3333333333333333, "f1-score": 0.30769230769230765, "support": 24}, "topic": {"precision": 0.0, "recall": 0.0, "f1-score": 0.0, "support": 8}, "type-of": {"precision": 0.9545454545454546, "recall": 0.7058823529411765, "f1-score": 0.8115942028985507, "support": 119}, "usage": {"precision": 0.875, "recall": 0.1346153846153846, "f1-score": 0.23333333333333334, "support": 52}, "win-defeat": {"precision": 0.7023809523809523, "recall": 0.6344086021505376, "f1-score": 0.6666666666666665, "support": 93}, "micro avg": {"precision": 0.7487135506003431, "recall": 0.7232808616404308, "f1-score": 0.7357774968394437, "support": 2414}, "macro avg": {"precision": 0.41142701355426714, "recall": 0.35057485943108296, "f1-score": 0.35356535853134075, "support": 2414}, "weighted avg": {"precision": 0.7212845361312311, "recall": 0.7232808616404308, "f1-score": 0.7077216627201748, "support": 2414}, "samples avg": {"precision": 0.7487135506003431, "recall": 0.7339908519153802, "f1-score": 0.7388507718696398, "support": 2414}}