{"related-to": {"precision": 0.25203252032520324, "recall": 0.28703703703703703, "f1-score": 0.26839826839826836, "support": 108}, "artifact": {"precision": 0.5106382978723404, "recall": 0.5853658536585366, "f1-score": 0.5454545454545454, "support": 41}, "cause-effect": {"precision": 0.0, "recall": 0.0, "f1-score": 0.0, "support": 5}, "compare": {"precision": 0.5, "recall": 0.041666666666666664, "f1-score": 0.07692307692307693, "support": 24}, "general-affiliation": {"precision": 0.4444444444444444, "recall": 0.05333333333333334, "f1-score": 0.09523809523809523, "support": 75}, "named": {"precision": 0.6818181818181818, "recall": 0.6474820143884892, "f1-score": 0.6642066420664207, "support": 139}, "opposite": {"precision": 0.0, "recall": 0.0, "f1-score": 0.0, "support": 11}, "origin": {"precision": 0.4230769230769231, "recall": 0.3707865168539326, "f1-score": 0.39520958083832336, "support": 89}, "part-of": {"precision": 0.37, "recall": 0.6915887850467289, "f1-score": 0.48208469055374586, "support": 214}, "physical": {"precision": 0.8674698795180723, "recall": 0.7058823529411765, "f1-score": 0.7783783783783784, "support": 102}, "role": {"precision": 0.5384615384615384, "recall": 0.7064220183486238, "f1-score": 0.6111111111111112, "support": 109}, "social": {"precision": 0.0, "recall": 0.0, "f1-score": 0.0, "support": 1}, "temporal": {"precision": 0.6666666666666666, "recall": 0.38095238095238093, "f1-score": 0.4848484848484849, "support": 21}, "topic": {"precision": 1.0, "recall": 0.17073170731707318, "f1-score": 0.2916666666666667, "support": 41}, "type-of": {"precision": 0.2641509433962264, "recall": 0.25925925925925924, "f1-score": 0.2616822429906542, "support": 54}, "usage": {"precision": 0.23684210526315788, "recall": 0.07377049180327869, "f1-score": 0.1125, "support": 122}, "win-defeat": {"precision": 0.0, "recall": 0.0, "f1-score": 0.0, "support": 7}, "micro avg": {"precision": 0.45962732919254656, "recall": 0.4453998280309544, "f1-score": 0.45240174672489086, "support": 1163}, "macro avg": {"precision": 0.39738832357898557, "recall": 0.2926046128003833, "f1-score": 0.2981001049098689, "support": 1163}, "weighted avg": {"precision": 0.4732835015962573, "recall": 0.4453998280309544, "f1-score": 0.4187496632866361, "support": 1163}, "samples avg": {"precision": 0.45962732919254656, "recall": 0.4501626737651582, "f1-score": 0.45326826382727003, "support": 1163}}