{"related-to": {"precision": 0.31086142322097376, "recall": 0.6587301587301587, "f1-score": 0.4223918575063613, "support": 126}, "artifact": {"precision": 0.2857142857142857, "recall": 0.24242424242424243, "f1-score": 0.26229508196721313, "support": 33}, "cause-effect": {"precision": 0.0, "recall": 0.0, "f1-score": 0.0, "support": 76}, "compare": {"precision": 0.38461538461538464, "recall": 0.38461538461538464, "f1-score": 0.38461538461538464, "support": 39}, "general-affiliation": {"precision": 0.3064516129032258, "recall": 0.2602739726027397, "f1-score": 0.28148148148148144, "support": 73}, "named": {"precision": 0.42567567567567566, "recall": 0.5833333333333334, "f1-score": 0.49218750000000006, "support": 108}, "opposite": {"precision": 0.0, "recall": 0.0, "f1-score": 0.0, "support": 5}, "origin": {"precision": 0.3793103448275862, "recall": 0.23404255319148937, "f1-score": 0.2894736842105263, "support": 94}, "part-of": {"precision": 0.1895424836601307, "recall": 0.32222222222222224, "f1-score": 0.23868312757201648, "support": 90}, "physical": {"precision": 0.6713780918727915, "recall": 0.8482142857142857, "f1-score": 0.7495069033530573, "support": 224}, "role": {"precision": 0.37142857142857144, "recall": 0.4090909090909091, "f1-score": 0.389351081530782, "support": 286}, "social": {"precision": 0.0, "recall": 0.0, "f1-score": 0.0, "support": 14}, "temporal": {"precision": 0.0, "recall": 0.0, "f1-score": 0.0, "support": 26}, "topic": {"precision": 0.0, "recall": 0.0, "f1-score": 0.0, "support": 66}, "type-of": {"precision": 0.8333333333333334, "recall": 0.042735042735042736, "f1-score": 0.08130081300813008, "support": 117}, "usage": {"precision": 0.0, "recall": 0.0, "f1-score": 0.0, "support": 24}, "win-defeat": {"precision": 0.9310344827586207, "recall": 0.6136363636363636, "f1-score": 0.7397260273972602, "support": 44}, "micro avg": {"precision": 0.41522988505747127, "recall": 0.4, "f1-score": 0.40747268241099754, "support": 1445}, "macro avg": {"precision": 0.2993732758829753, "recall": 0.2705481451938925, "f1-score": 0.25476546721424786, "support": 1445}, "weighted avg": {"precision": 0.4012026495930682, "recall": 0.4, "f1-score": 0.3602613243546421, "support": 1445}, "samples avg": {"precision": 0.41522988505747127, "recall": 0.3969109195402299, "f1-score": 0.40301724137931033, "support": 1445}}