{"related-to": {"precision": 0.3212669683257919, "recall": 0.5634920634920635, "f1-score": 0.40922190201729114, "support": 126}, "artifact": {"precision": 0.29411764705882354, "recall": 0.15151515151515152, "f1-score": 0.19999999999999998, "support": 33}, "cause-effect": {"precision": 0.0, "recall": 0.0, "f1-score": 0.0, "support": 76}, "compare": {"precision": 0.2692307692307692, "recall": 0.358974358974359, "f1-score": 0.30769230769230765, "support": 39}, "general-affiliation": {"precision": 0.3114754098360656, "recall": 0.2602739726027397, "f1-score": 0.2835820895522388, "support": 73}, "named": {"precision": 0.37349397590361444, "recall": 0.5740740740740741, "f1-score": 0.45255474452554745, "support": 108}, "opposite": {"precision": 0.0, "recall": 0.0, "f1-score": 0.0, "support": 5}, "origin": {"precision": 0.26804123711340205, "recall": 0.2765957446808511, "f1-score": 0.27225130890052357, "support": 94}, "part-of": {"precision": 0.2032520325203252, "recall": 0.2777777777777778, "f1-score": 0.2347417840375587, "support": 90}, "physical": {"precision": 0.7897435897435897, "recall": 0.6875, "f1-score": 0.7350835322195705, "support": 224}, "role": {"precision": 0.3483709273182957, "recall": 0.486013986013986, "f1-score": 0.40583941605839413, "support": 286}, "social": {"precision": 0.0, "recall": 0.0, "f1-score": 0.0, "support": 14}, "temporal": {"precision": 0.0, "recall": 0.0, "f1-score": 0.0, "support": 26}, "topic": {"precision": 0.0, "recall": 0.0, "f1-score": 0.0, "support": 66}, "type-of": {"precision": 0.45454545454545453, "recall": 0.08547008547008547, "f1-score": 0.14388489208633093, "support": 117}, "usage": {"precision": 0.0, "recall": 0.0, "f1-score": 0.0, "support": 24}, "win-defeat": {"precision": 0.8947368421052632, "recall": 0.7727272727272727, "f1-score": 0.8292682926829269, "support": 44}, "micro avg": {"precision": 0.4015804597701149, "recall": 0.38685121107266435, "f1-score": 0.3940782516743038, "support": 1445}, "macro avg": {"precision": 0.2663691090412585, "recall": 0.2643773227840212, "f1-score": 0.2514188393983935, "support": 1445}, "weighted avg": {"precision": 0.3711667975385118, "recall": 0.38685121107266435, "f1-score": 0.3602137506313597, "support": 1445}, "samples avg": {"precision": 0.4015804597701149, "recall": 0.3829022988505747, "f1-score": 0.38912835249042144, "support": 1445}}