{"related-to": {"precision": 0.7142857142857143, "recall": 0.19230769230769232, "f1-score": 0.30303030303030304, "support": 26}, "artifact": {"precision": 0.7477203647416414, "recall": 0.9498069498069498, "f1-score": 0.8367346938775511, "support": 259}, "cause-effect": {"precision": 0.0, "recall": 0.0, "f1-score": 0.0, "support": 4}, "compare": {"precision": 0.0, "recall": 0.0, "f1-score": 0.0, "support": 5}, "general-affiliation": {"precision": 0.8156626506024096, "recall": 0.9376731301939059, "f1-score": 0.8724226804123711, "support": 722}, "named": {"precision": 0.6666666666666666, "recall": 0.04819277108433735, "f1-score": 0.0898876404494382, "support": 83}, "opposite": {"precision": 0.0, "recall": 0.0, "f1-score": 0.0, "support": 6}, "origin": {"precision": 0.22727272727272727, "recall": 0.2631578947368421, "f1-score": 0.24390243902439024, "support": 19}, "part-of": {"precision": 0.4434782608695652, "recall": 0.2897727272727273, "f1-score": 0.3505154639175258, "support": 176}, "physical": {"precision": 0.8780487804878049, "recall": 0.9496402877697842, "f1-score": 0.9124423963133641, "support": 417}, "role": {"precision": 0.7877813504823151, "recall": 0.6464379947229552, "f1-score": 0.7101449275362319, "support": 379}, "social": {"precision": 0.0, "recall": 0.0, "f1-score": 0.0, "support": 22}, "temporal": {"precision": 0.2702702702702703, "recall": 0.4166666666666667, "f1-score": 0.3278688524590164, "support": 24}, "topic": {"precision": 0.0, "recall": 0.0, "f1-score": 0.0, "support": 8}, "type-of": {"precision": 0.9655172413793104, "recall": 0.7058823529411765, "f1-score": 0.8155339805825244, "support": 119}, "usage": {"precision": 0.967741935483871, "recall": 0.5769230769230769, "f1-score": 0.7228915662650601, "support": 52}, "win-defeat": {"precision": 0.7075471698113207, "recall": 0.8064516129032258, "f1-score": 0.7537688442211055, "support": 93}, "micro avg": {"precision": 0.7838765008576329, "recall": 0.7572493786246893, "f1-score": 0.7703329119258323, "support": 2414}, "macro avg": {"precision": 0.48188194896197745, "recall": 0.39899489160760826, "f1-score": 0.4081849287111107, "support": 2414}, "weighted avg": {"precision": 0.7626620152375571, "recall": 0.7572493786246893, "f1-score": 0.7417189137964558, "support": 2414}, "samples avg": {"precision": 0.7838765008576329, "recall": 0.7697255574614065, "f1-score": 0.77437106918239, "support": 2414}}