{"related-to": {"precision": 0.0, "recall": 0.0, "f1-score": 0.0, "support": 76}, "artifact": {"precision": 0.0, "recall": 0.0, "f1-score": 0.0, "support": 2}, "cause-effect": {"precision": 0.0, "recall": 0.0, "f1-score": 0.0, "support": 0}, "compare": {"precision": 0.0, "recall": 0.0, "f1-score": 0.0, "support": 6}, "general-affiliation": {"precision": 0.10416666666666667, "recall": 0.4838709677419355, "f1-score": 0.17142857142857146, "support": 31}, "named": {"precision": 0.29896907216494845, "recall": 0.6692307692307692, "f1-score": 0.41330166270783847, "support": 130}, "opposite": {"precision": 0.14285714285714285, "recall": 0.03773584905660377, "f1-score": 0.05970149253731343, "support": 53}, "origin": {"precision": 0.0, "recall": 0.0, "f1-score": 0.0, "support": 55}, "part-of": {"precision": 0.15151515151515152, "recall": 0.1282051282051282, "f1-score": 0.1388888888888889, "support": 117}, "physical": {"precision": 0.6477272727272727, "recall": 0.8361858190709046, "f1-score": 0.7299893276414088, "support": 409}, "role": {"precision": 0.7553956834532374, "recall": 0.5029940119760479, "f1-score": 0.603882099209202, "support": 835}, "social": {"precision": 0.0, "recall": 0.0, "f1-score": 0.0, "support": 21}, "temporal": {"precision": 0.8894472361809045, "recall": 0.5765472312703583, "f1-score": 0.6996047430830039, "support": 307}, "topic": {"precision": 0.0, "recall": 0.0, "f1-score": 0.0, "support": 13}, "type-of": {"precision": 0.0, "recall": 0.0, "f1-score": 0.0, "support": 28}, "usage": {"precision": 0.0, "recall": 0.0, "f1-score": 0.0, "support": 0}, "win-defeat": {"precision": 0.0, "recall": 0.0, "f1-score": 0.0, "support": 41}, "micro avg": {"precision": 0.5778263244128892, "recall": 0.4981167608286252, "f1-score": 0.5350189633375474, "support": 2124}, "macro avg": {"precision": 0.17588695444501903, "recall": 0.19028057509127927, "f1-score": 0.1656939285586016, "support": 2124}, "weighted avg": {"precision": 0.5819821087962602, "recall": 0.4981167608286252, "f1-score": 0.516028024925746, "support": 2124}, "samples avg": {"precision": 0.5778263244128892, "recall": 0.5070999453850354, "f1-score": 0.5306754050609866, "support": 2124}}