{"related-to": {"precision": 0.3076923076923077, "recall": 0.6349206349206349, "f1-score": 0.4145077720207254, "support": 126}, "artifact": {"precision": 0.5, "recall": 0.030303030303030304, "f1-score": 0.05714285714285715, "support": 33}, "cause-effect": {"precision": 0.0, "recall": 0.0, "f1-score": 0.0, "support": 76}, "compare": {"precision": 0.0, "recall": 0.0, "f1-score": 0.0, "support": 39}, "general-affiliation": {"precision": 1.0, "recall": 0.0136986301369863, "f1-score": 0.027027027027027025, "support": 73}, "named": {"precision": 0.0, "recall": 0.0, "f1-score": 0.0, "support": 108}, "opposite": {"precision": 0.0, "recall": 0.0, "f1-score": 0.0, "support": 5}, "origin": {"precision": 0.5555555555555556, "recall": 0.05319148936170213, "f1-score": 0.0970873786407767, "support": 94}, "part-of": {"precision": 0.10548523206751055, "recall": 0.2777777777777778, "f1-score": 0.15290519877675843, "support": 90}, "physical": {"precision": 0.5184210526315789, "recall": 0.8794642857142857, "f1-score": 0.6523178807947019, "support": 224}, "role": {"precision": 0.29878048780487804, "recall": 0.513986013986014, "f1-score": 0.377892030848329, "support": 286}, "social": {"precision": 0.0, "recall": 0.0, "f1-score": 0.0, "support": 14}, "temporal": {"precision": 0.0, "recall": 0.0, "f1-score": 0.0, "support": 26}, "topic": {"precision": 0.0, "recall": 0.0, "f1-score": 0.0, "support": 66}, "type-of": {"precision": 0.0, "recall": 0.0, "f1-score": 0.0, "support": 117}, "usage": {"precision": 0.0, "recall": 0.0, "f1-score": 0.0, "support": 24}, "win-defeat": {"precision": 0.8181818181818182, "recall": 0.20454545454545456, "f1-score": 0.3272727272727273, "support": 44}, "micro avg": {"precision": 0.33405172413793105, "recall": 0.3217993079584775, "f1-score": 0.3278110680296087, "support": 1445}, "macro avg": {"precision": 0.24141861493727348, "recall": 0.15340513627916974, "f1-score": 0.12389134544258251, "support": 1445}, "weighted avg": {"precision": 0.295891113618822, "recall": 0.3217993079584775, "f1-score": 0.2405333385024742, "support": 1445}, "samples avg": {"precision": 0.33405172413793105, "recall": 0.31573275862068967, "f1-score": 0.3218390804597701, "support": 1445}}