{"related-to": {"precision": 0.3286384976525822, "recall": 0.5555555555555556, "f1-score": 0.41297935103244837, "support": 126}, "artifact": {"precision": 0.2222222222222222, "recall": 0.12121212121212122, "f1-score": 0.1568627450980392, "support": 33}, "cause-effect": {"precision": 0.0, "recall": 0.0, "f1-score": 0.0, "support": 76}, "compare": {"precision": 0.5384615384615384, "recall": 0.358974358974359, "f1-score": 0.4307692307692308, "support": 39}, "general-affiliation": {"precision": 0.45714285714285713, "recall": 0.2191780821917808, "f1-score": 0.2962962962962963, "support": 73}, "named": {"precision": 0.39097744360902253, "recall": 0.48148148148148145, "f1-score": 0.4315352697095436, "support": 108}, "opposite": {"precision": 0.0, "recall": 0.0, "f1-score": 0.0, "support": 5}, "origin": {"precision": 0.16129032258064516, "recall": 0.2127659574468085, "f1-score": 0.1834862385321101, "support": 94}, "part-of": {"precision": 0.1038961038961039, "recall": 0.26666666666666666, "f1-score": 0.14953271028037385, "support": 90}, "physical": {"precision": 0.5691318327974276, "recall": 0.7901785714285714, "f1-score": 0.6616822429906541, "support": 224}, "role": {"precision": 0.398406374501992, "recall": 0.34965034965034963, "f1-score": 0.37243947858473, "support": 286}, "social": {"precision": 0.0, "recall": 0.0, "f1-score": 0.0, "support": 14}, "temporal": {"precision": 0.0, "recall": 0.0, "f1-score": 0.0, "support": 26}, "topic": {"precision": 0.0, "recall": 0.0, "f1-score": 0.0, "support": 66}, "type-of": {"precision": 0.45454545454545453, "recall": 0.042735042735042736, "f1-score": 0.078125, "support": 117}, "usage": {"precision": 0.0, "recall": 0.0, "f1-score": 0.0, "support": 24}, "win-defeat": {"precision": 0.6153846153846154, "recall": 0.5454545454545454, "f1-score": 0.5783132530120482, "support": 44}, "micro avg": {"precision": 0.3635057471264368, "recall": 0.3501730103806228, "f1-score": 0.3567148396193162, "support": 1445}, "macro avg": {"precision": 0.24941748604673297, "recall": 0.23199133722336954, "f1-score": 0.2207071656650279, "support": 1445}, "weighted avg": {"precision": 0.3401655440172502, "recall": 0.3501730103806228, "f1-score": 0.3199127192813187, "support": 1445}, "samples avg": {"precision": 0.3635057471264368, "recall": 0.3451867816091954, "f1-score": 0.35129310344827586, "support": 1445}}