{"related-to": {"precision": 0.0, "recall": 0.0, "f1-score": 0.0, "support": 72}, "artifact": {"precision": 0.7192118226600985, "recall": 0.9733333333333334, "f1-score": 0.8271954674220964, "support": 300}, "cause-effect": {"precision": 0.0, "recall": 0.0, "f1-score": 0.0, "support": 1}, "compare": {"precision": 0.0, "recall": 0.0, "f1-score": 0.0, "support": 8}, "general-affiliation": {"precision": 0.8048128342245989, "recall": 0.9176829268292683, "f1-score": 0.8575498575498576, "support": 328}, "named": {"precision": 0.4810126582278481, "recall": 0.40425531914893614, "f1-score": 0.4393063583815029, "support": 94}, "opposite": {"precision": 0.0, "recall": 0.0, "f1-score": 0.0, "support": 14}, "origin": {"precision": 0.0, "recall": 0.0, "f1-score": 0.0, "support": 47}, "part-of": {"precision": 0.3064516129032258, "recall": 0.19791666666666666, "f1-score": 0.24050632911392406, "support": 96}, "physical": {"precision": 0.7791411042944786, "recall": 0.7298850574712644, "f1-score": 0.7537091988130564, "support": 174}, "role": {"precision": 0.5276967930029155, "recall": 0.7154150197628458, "f1-score": 0.6073825503355705, "support": 253}, "social": {"precision": 0.5625, "recall": 0.19148936170212766, "f1-score": 0.2857142857142857, "support": 47}, "temporal": {"precision": 0.4, "recall": 0.41379310344827586, "f1-score": 0.4067796610169491, "support": 29}, "topic": {"precision": 0.25, "recall": 0.047619047619047616, "f1-score": 0.08, "support": 42}, "type-of": {"precision": 0.0, "recall": 0.0, "f1-score": 0.0, "support": 18}, "usage": {"precision": 0.0, "recall": 0.0, "f1-score": 0.0, "support": 2}, "win-defeat": {"precision": 0.5833333333333334, "recall": 0.6494845360824743, "f1-score": 0.6146341463414634, "support": 97}, "micro avg": {"precision": 0.6566037735849056, "recall": 0.6436498150431565, "f1-score": 0.6500622665006226, "support": 1622}, "macro avg": {"precision": 0.318480009332147, "recall": 0.30828672776848476, "f1-score": 0.30075163851110037, "support": 1622}, "weighted avg": {"precision": 0.5724879008915756, "recall": 0.6436498150431565, "f1-score": 0.5960766204730803, "support": 1622}, "samples avg": {"precision": 0.6566037735849056, "recall": 0.65020964360587, "f1-score": 0.6523060796645701, "support": 1622}}