{"related-to": {"precision": 0.0, "recall": 0.0, "f1-score": 0.0, "support": 76}, "artifact": {"precision": 0.0, "recall": 0.0, "f1-score": 0.0, "support": 2}, "cause-effect": {"precision": 0.0, "recall": 0.0, "f1-score": 0.0, "support": 0}, "compare": {"precision": 0.0, "recall": 0.0, "f1-score": 0.0, "support": 6}, "general-affiliation": {"precision": 0.13846153846153847, "recall": 0.2903225806451613, "f1-score": 0.18750000000000003, "support": 31}, "named": {"precision": 0.8625, "recall": 0.5307692307692308, "f1-score": 0.6571428571428571, "support": 130}, "opposite": {"precision": 0.0, "recall": 0.0, "f1-score": 0.0, "support": 53}, "origin": {"precision": 0.5, "recall": 0.03636363636363636, "f1-score": 0.06779661016949153, "support": 55}, "part-of": {"precision": 0.22727272727272727, "recall": 0.08547008547008547, "f1-score": 0.12422360248447205, "support": 117}, "physical": {"precision": 0.7197802197802198, "recall": 0.6405867970660146, "f1-score": 0.6778783958602846, "support": 409}, "role": {"precision": 0.5667351129363449, "recall": 0.6610778443113773, "f1-score": 0.6102819237147595, "support": 835}, "social": {"precision": 1.0, "recall": 0.09523809523809523, "f1-score": 0.17391304347826084, "support": 21}, "temporal": {"precision": 0.8581560283687943, "recall": 0.7882736156351792, "f1-score": 0.8217317487266553, "support": 307}, "topic": {"precision": 0.0, "recall": 0.0, "f1-score": 0.0, "support": 13}, "type-of": {"precision": 0.0, "recall": 0.0, "f1-score": 0.0, "support": 28}, "usage": {"precision": 0.0, "recall": 0.0, "f1-score": 0.0, "support": 0}, "win-defeat": {"precision": 0.1, "recall": 0.024390243902439025, "f1-score": 0.03921568627450981, "support": 41}, "micro avg": {"precision": 0.6275259421081376, "recall": 0.5409604519774012, "f1-score": 0.5810366624525917, "support": 2124}, "macro avg": {"precision": 0.2925238604011544, "recall": 0.18544071349418936, "f1-score": 0.1976284628147818, "support": 2124}, "weighted avg": {"precision": 0.5775310954257978, "recall": 0.5409604519774012, "f1-score": 0.5432548872865531, "support": 2124}, "samples avg": {"precision": 0.6275259421081376, "recall": 0.551611141452758, "f1-score": 0.5769160750045512, "support": 2124}}