{"related-to": {"precision": 0.0, "recall": 0.0, "f1-score": 0.0, "support": 76}, "artifact": {"precision": 0.0, "recall": 0.0, "f1-score": 0.0, "support": 2}, "cause-effect": {"precision": 0.0, "recall": 0.0, "f1-score": 0.0, "support": 0}, "compare": {"precision": 0.0, "recall": 0.0, "f1-score": 0.0, "support": 6}, "general-affiliation": {"precision": 0.20238095238095238, "recall": 0.5483870967741935, "f1-score": 0.2956521739130435, "support": 31}, "named": {"precision": 0.5882352941176471, "recall": 0.5384615384615384, "f1-score": 0.5622489959839357, "support": 130}, "opposite": {"precision": 0.0, "recall": 0.0, "f1-score": 0.0, "support": 53}, "origin": {"precision": 0.0, "recall": 0.0, "f1-score": 0.0, "support": 55}, "part-of": {"precision": 0.0, "recall": 0.0, "f1-score": 0.0, "support": 117}, "physical": {"precision": 0.7349081364829396, "recall": 0.684596577017115, "f1-score": 0.7088607594936709, "support": 409}, "role": {"precision": 0.5741525423728814, "recall": 0.6491017964071857, "f1-score": 0.6093310848791457, "support": 835}, "social": {"precision": 0.0, "recall": 0.0, "f1-score": 0.0, "support": 21}, "temporal": {"precision": 0.8954703832752613, "recall": 0.8371335504885994, "f1-score": 0.8653198653198654, "support": 307}, "topic": {"precision": 0.0, "recall": 0.0, "f1-score": 0.0, "support": 13}, "type-of": {"precision": 0.0, "recall": 0.0, "f1-score": 0.0, "support": 28}, "usage": {"precision": 0.0, "recall": 0.0, "f1-score": 0.0, "support": 0}, "win-defeat": {"precision": 0.0, "recall": 0.0, "f1-score": 0.0, "support": 41}, "micro avg": {"precision": 0.636810486073184, "recall": 0.5489642184557438, "f1-score": 0.5896333754740833, "support": 2124}, "macro avg": {"precision": 0.17618513580174597, "recall": 0.19162826818521364, "f1-score": 0.17890663997586242, "support": 2124}, "weighted avg": {"precision": 0.5356161045797962, "recall": 0.5489642184557438, "f1-score": 0.5398428870194976, "support": 2124}, "samples avg": {"precision": 0.636810486073184, "recall": 0.557618787547788, "f1-score": 0.5840160203895867, "support": 2124}}