{"related-to": {"precision": 0.0, "recall": 0.0, "f1-score": 0.0, "support": 6}, "artifact": {"precision": 0.0, "recall": 0.0, "f1-score": 0.0, "support": 0}, "cause-effect": {"precision": 0.0, "recall": 0.0, "f1-score": 0.0, "support": 0}, "compare": {"precision": 0.0, "recall": 0.0, "f1-score": 0.0, "support": 0}, "general-affiliation": {"precision": 0.0, "recall": 0.0, "f1-score": 0.0, "support": 10}, "named": {"precision": 1.0, "recall": 0.5, "f1-score": 0.6666666666666666, "support": 4}, "opposite": {"precision": 0.0, "recall": 0.0, "f1-score": 0.0, "support": 39}, "origin": {"precision": 0.0, "recall": 0.0, "f1-score": 0.0, "support": 0}, "part-of": {"precision": 0.0, "recall": 0.0, "f1-score": 0.0, "support": 28}, "physical": {"precision": 0.6121212121212121, "recall": 0.7829457364341085, "f1-score": 0.6870748299319728, "support": 129}, "role": {"precision": 0.5350877192982456, "recall": 0.8472222222222222, "f1-score": 0.6559139784946236, "support": 144}, "social": {"precision": 0.0, "recall": 0.0, "f1-score": 0.0, "support": 0}, "temporal": {"precision": 0.0, "recall": 0.0, "f1-score": 0.0, "support": 1}, "topic": {"precision": 0.0, "recall": 0.0, "f1-score": 0.0, "support": 0}, "type-of": {"precision": 0.0, "recall": 0.0, "f1-score": 0.0, "support": 0}, "usage": {"precision": 0.0, "recall": 0.0, "f1-score": 0.0, "support": 0}, "win-defeat": {"precision": 0.0, "recall": 0.0, "f1-score": 0.0, "support": 35}, "micro avg": {"precision": 0.5681818181818182, "recall": 0.5681818181818182, "f1-score": 0.5681818181818182, "support": 396}, "macro avg": {"precision": 0.12630640773055632, "recall": 0.12530399756801944, "f1-score": 0.11821502794666253, "support": 396}, "weighted avg": {"precision": 0.4040814847034943, "recall": 0.5681818181818182, "f1-score": 0.46906801169473983, "support": 396}, "samples avg": {"precision": 0.5681818181818182, "recall": 0.5681818181818182, "f1-score": 0.5681818181818182, "support": 396}}